date, remaining distance
09.08.2021 14:03:21.264,34.09
09.08.2021 14:03:22.229,34.09
09.08.2021 14:03:23.219,34.09
09.08.2021 14:03:24.205,34.09
09.08.2021 14:03:25.227,34.09
09.08.2021 14:03:26.219,34.09
09.08.2021 14:03:26.428,34.09
09.08.2021 14:03:27.246,34.09
09.08.2021 14:03:28.230,34.09
09.08.2021 14:03:29.336,34.09
09.08.2021 14:03:30.327,34.09
09.08.2021 14:03:31.316,34.09
09.08.2021 14:03:32.219,34.09
09.08.2021 14:03:33.236,34.09
09.08.2021 14:03:34.437,34.09
09.08.2021 14:03:35.245,34.09
09.08.2021 14:03:36.369,34.09
09.08.2021 14:03:37.224,34.09
09.08.2021 14:03:38.216,34.09
09.08.2021 14:03:39.422,34.09
09.08.2021 14:03:40.227,34.09
09.08.2021 14:03:40.365,34.09
09.08.2021 14:03:41.240,34.09
09.08.2021 14:03:42.242,34.09
09.08.2021 14:03:43.234,34.09
09.08.2021 14:03:44.221,34.09
09.08.2021 14:03:45.207,34.09
09.08.2021 14:03:46.225,34.09
09.08.2021 14:03:47.212,34.09
09.08.2021 14:03:48.205,34.09
09.08.2021 14:03:49.225,34.09
09.08.2021 14:03:50.217,34.09
09.08.2021 14:03:51.232,34.09
09.08.2021 14:03:52.225,34.09
09.08.2021 14:03:53.212,34.09
09.08.2021 14:03:54.201,34.09
09.08.2021 14:03:55.224,34.09
09.08.2021 14:03:56.214,34.09
09.08.2021 14:03:56.432,34.09
09.08.2021 14:03:57.208,34.09
09.08.2021 14:03:58.224,34.09
09.08.2021 14:03:59.213,34.09
09.08.2021 14:04:00.232,34.09
09.08.2021 14:04:01.309,34.09
09.08.2021 14:04:02.342,34.09
09.08.2021 14:04:02.547,34.09
09.08.2021 14:04:03.270,34.09
09.08.2021 14:04:03.490,34.09
09.08.2021 14:04:04.327,34.09
09.08.2021 14:04:04.549,34.09
09.08.2021 14:04:05.244,34.09
09.08.2021 14:04:05.481,34.09
09.08.2021 14:04:06.284,34.09
09.08.2021 14:04:06.589,34.09
09.08.2021 14:04:07.237,34.09
09.08.2021 14:04:07.495,34.09
09.08.2021 14:04:08.286,34.09
09.08.2021 14:04:08.500,34.09
09.08.2021 14:04:09.298,34.09
09.08.2021 14:04:09.533,34.09
09.08.2021 14:04:10.296,34.09
09.08.2021 14:04:10.587,34.09
09.08.2021 14:04:11.325,34.09
09.08.2021 14:04:11.557,34.09
09.08.2021 14:04:12.279,34.09
09.08.2021 14:04:12.498,34.09
09.08.2021 14:04:13.238,34.09
09.08.2021 14:04:13.530,34.09
09.08.2021 14:04:14.333,34.09
09.08.2021 14:04:14.646,34.09
09.08.2021 14:04:15.243,34.09
09.08.2021 14:04:15.534,34.09
09.08.2021 14:04:16.345,34.09
09.08.2021 14:04:16.640,34.09
09.08.2021 14:04:17.286,34.09
09.08.2021 14:04:17.542,34.09
09.08.2021 14:04:18.304,34.09
09.08.2021 14:04:18.537,34.09
09.08.2021 14:04:19.287,34.09
09.08.2021 14:04:20.279,34.09
09.08.2021 14:04:20.508,34.09
09.08.2021 14:04:21.305,34.09
09.08.2021 14:04:22.305,34.09
09.08.2021 14:04:22.544,34.09
09.08.2021 14:04:23.277,34.09
09.08.2021 14:04:24.327,34.09
09.08.2021 14:04:24.562,33.58
09.08.2021 14:04:25.302,33.58
09.08.2021 14:04:25.524,33.58
09.08.2021 14:04:26.301,33.58
09.08.2021 14:04:26.544,33.58
09.08.2021 14:04:27.310,33.58
09.08.2021 14:04:28.308,33.58
09.08.2021 14:04:28.566,33.58
09.08.2021 14:04:29.306,33.58
09.08.2021 14:04:29.598,33.58
09.08.2021 14:04:30.309,33.58
09.08.2021 14:04:30.827,33.58
09.08.2021 14:04:31.354,33.58
09.08.2021 14:04:31.650,33.58
09.08.2021 14:04:31.867,33.58
09.08.2021 14:04:32.377,33.58
09.08.2021 14:04:33.302,33.58
09.08.2021 14:04:33.549,33.58
09.08.2021 14:04:34.366,33.58
09.08.2021 14:04:34.597,33.58
09.08.2021 14:04:35.307,33.58
09.08.2021 14:04:36.330,33.58
09.08.2021 14:04:36.574,33.58
09.08.2021 14:04:37.333,33.58
09.08.2021 14:04:37.592,33.58
09.08.2021 14:04:38.340,33.58
09.08.2021 14:04:38.633,34.09
09.08.2021 14:04:39.321,34.09
09.08.2021 14:04:40.334,34.09
09.08.2021 14:04:41.323,34.09
09.08.2021 14:04:41.549,34.09
09.08.2021 14:04:42.302,34.09
09.08.2021 14:04:42.543,34.09
09.08.2021 14:04:43.333,34.09
09.08.2021 14:04:43.578,34.09
09.08.2021 14:04:44.333,34.09
09.08.2021 14:04:44.569,34.09
09.08.2021 14:04:45.330,34.09
09.08.2021 14:04:45.551,34.09
09.08.2021 14:04:46.331,34.09
09.08.2021 14:04:46.582,34.09
09.08.2021 14:04:47.332,34.09
09.08.2021 14:04:48.530,34.09
09.08.2021 14:04:48.757,34.09
09.08.2021 14:04:49.326,34.09
09.08.2021 14:04:50.212,34.09
09.08.2021 14:04:51.235,34.09
09.08.2021 14:04:52.223,34.09
09.08.2021 14:04:53.212,34.09
09.08.2021 14:04:54.248,34.09
09.08.2021 14:04:55.224,34.09
09.08.2021 14:04:56.217,34.09
09.08.2021 14:07:42.031,36.27
09.08.2021 14:07:42.870,36.27
09.08.2021 14:07:43.893,36.27
09.08.2021 14:07:44.882,36.27
09.08.2021 14:07:44.998,36.27
09.08.2021 14:07:45.868,36.27
09.08.2021 14:07:46.894,36.27
09.08.2021 14:07:47.876,36.27
09.08.2021 14:07:49.015,36.27
09.08.2021 14:07:49.950,36.27
09.08.2021 14:07:50.882,36.27
09.08.2021 14:07:51.871,36.27
09.08.2021 14:07:52.894,36.27
09.08.2021 14:07:53.885,36.27
09.08.2021 14:07:54.874,36.27
09.08.2021 14:07:55.894,36.27
09.08.2021 14:07:56.885,36.27
09.08.2021 14:07:57.875,36.27
09.08.2021 14:07:58.894,36.27
09.08.2021 14:07:59.931,36.27
09.08.2021 14:08:00.877,36.27
09.08.2021 14:08:01.893,36.27
09.08.2021 14:08:02.883,36.27
09.08.2021 14:08:03.876,36.27
09.08.2021 14:08:04.895,36.27
09.08.2021 14:08:06.538,36.27
09.08.2021 14:08:06.881,36.27
09.08.2021 14:08:07.945,36.27
09.08.2021 14:08:08.914,36.27
09.08.2021 14:08:09.931,36.27
09.08.2021 14:08:10.922,36.27
09.08.2021 14:08:11.970,36.27
09.08.2021 14:08:12.901,36.27
09.08.2021 14:08:13.979,36.27
09.08.2021 14:08:14.915,36.27
09.08.2021 14:08:15.168,36.27
09.08.2021 14:08:15.965,36.27
09.08.2021 14:08:16.179,36.27
09.08.2021 14:08:16.992,36.27
09.08.2021 14:08:17.220,36.27
09.08.2021 14:08:17.947,36.27
09.08.2021 14:08:18.167,36.27
09.08.2021 14:08:18.911,36.27
09.08.2021 14:08:19.139,36.27
09.08.2021 14:08:19.956,36.27
09.08.2021 14:08:20.189,36.27
09.08.2021 14:08:20.921,36.27
09.08.2021 14:08:21.173,36.27
09.08.2021 14:08:21.905,36.27
09.08.2021 14:08:22.171,35.73
09.08.2021 14:08:22.957,35.73
09.08.2021 14:08:23.981,35.73
09.08.2021 14:08:24.206,35.73
09.08.2021 14:08:24.971,35.73
09.08.2021 14:08:25.187,35.73
09.08.2021 14:08:25.931,35.73
09.08.2021 14:08:26.172,35.73
09.08.2021 14:08:26.948,35.73
09.08.2021 14:08:27.183,35.73
09.08.2021 14:08:27.907,35.73
09.08.2021 14:08:28.149,35.73
09.08.2021 14:08:28.898,35.73
09.08.2021 14:08:29.145,35.73
09.08.2021 14:08:29.948,35.73
09.08.2021 14:08:30.179,35.19
09.08.2021 14:08:30.905,35.19
09.08.2021 14:08:31.986,35.73
09.08.2021 14:08:32.225,35.73
09.08.2021 14:08:32.881,35.73
09.08.2021 14:08:33.125,35.73
09.08.2021 14:08:33.971,35.73
09.08.2021 14:08:34.197,35.73
09.08.2021 14:08:34.994,35.73
09.08.2021 14:08:35.231,35.73
09.08.2021 14:08:35.918,35.73
09.08.2021 14:08:36.172,35.73
09.08.2021 14:08:37.008,35.73
09.08.2021 14:08:37.229,35.19
09.08.2021 14:08:37.988,35.19
09.08.2021 14:08:38.221,35.19
09.08.2021 14:08:38.959,35.19
09.08.2021 14:08:39.209,35.19
09.08.2021 14:08:39.969,35.19
09.08.2021 14:08:40.213,35.73
09.08.2021 14:08:40.928,35.73
09.08.2021 14:08:41.183,35.73
09.08.2021 14:08:41.959,35.73
09.08.2021 14:08:42.938,35.73
09.08.2021 14:08:43.180,35.19
09.08.2021 14:08:43.904,35.19
09.08.2021 14:08:44.136,35.19
09.08.2021 14:08:44.959,35.19
09.08.2021 14:08:45.969,35.19
09.08.2021 14:08:46.183,35.19
09.08.2021 14:08:46.928,35.19
09.08.2021 14:08:47.161,35.19
09.08.2021 14:08:47.954,35.19
09.08.2021 14:08:48.172,35.19
09.08.2021 14:08:48.909,35.19
09.08.2021 14:08:49.959,35.19
09.08.2021 14:08:50.928,35.19
09.08.2021 14:08:51.179,35.19
09.08.2021 14:08:51.908,35.19
09.08.2021 14:08:52.899,35.19
09.08.2021 14:08:53.147,35.19
09.08.2021 14:08:53.949,35.19
09.08.2021 14:08:54.176,35.19
09.08.2021 14:08:54.908,35.19
09.08.2021 14:08:55.173,35.19
09.08.2021 14:08:55.938,35.19
09.08.2021 14:08:56.180,35.19
09.08.2021 14:08:56.890,35.19
09.08.2021 14:08:57.979,35.19
09.08.2021 14:08:58.207,35.19
09.08.2021 14:08:58.931,35.19
09.08.2021 14:08:59.180,35.19
09.08.2021 14:08:59.929,35.19
09.08.2021 14:09:00.180,35.19
09.08.2021 14:09:00.937,35.19
09.08.2021 14:09:01.185,35.19
09.08.2021 14:09:01.950,35.19
09.08.2021 14:09:02.179,35.19
09.08.2021 14:09:02.889,35.19
09.08.2021 14:09:03.128,35.19
09.08.2021 14:09:03.980,35.19
09.08.2021 14:09:04.279,35.19
09.08.2021 14:09:04.900,35.19
09.08.2021 14:09:05.176,35.19
09.08.2021 14:09:05.984,35.19
09.08.2021 14:09:06.193,35.19
09.08.2021 14:09:06.906,35.19
09.08.2021 14:09:07.149,35.19
09.08.2021 14:09:07.897,35.19
09.08.2021 14:09:08.986,35.19
09.08.2021 14:09:09.213,35.19
09.08.2021 14:09:09.909,35.19
09.08.2021 14:09:10.163,35.19
09.08.2021 14:09:10.989,35.19
09.08.2021 14:09:11.205,35.19
09.08.2021 14:09:11.895,35.19
09.08.2021 14:09:12.903,35.19
09.08.2021 14:09:13.936,35.19
09.08.2021 14:09:14.164,35.19
09.08.2021 14:09:14.931,35.19
09.08.2021 14:09:15.181,35.19
09.08.2021 14:09:15.909,35.19
09.08.2021 14:09:16.166,35.19
09.08.2021 14:09:16.937,35.19
09.08.2021 14:09:17.199,35.19
09.08.2021 14:09:17.986,35.19
09.08.2021 14:09:18.981,35.19
09.08.2021 14:09:19.997,35.19
09.08.2021 14:09:20.231,35.19
09.08.2021 14:09:20.928,35.19
09.08.2021 14:09:21.181,35.19
09.08.2021 14:09:21.943,35.19
09.08.2021 14:09:22.191,35.19
09.08.2021 14:09:22.993,35.19
09.08.2021 14:09:23.235,35.19
09.08.2021 14:09:23.981,35.19
09.08.2021 14:09:24.188,35.19
09.08.2021 14:09:24.909,35.19
09.08.2021 14:09:25.163,35.19
09.08.2021 14:09:25.943,35.19
09.08.2021 14:09:26.189,35.19
09.08.2021 14:09:26.983,35.19
09.08.2021 14:09:27.201,34.65
09.08.2021 14:09:27.978,34.65
09.08.2021 14:09:28.214,34.65
09.08.2021 14:09:28.933,34.65
09.08.2021 14:09:29.181,34.65
09.08.2021 14:09:29.929,34.65
09.08.2021 14:09:30.179,35.19
09.08.2021 14:09:30.907,35.19
09.08.2021 14:09:31.162,35.19
09.08.2021 14:09:31.897,35.19
09.08.2021 14:09:32.148,35.19
09.08.2021 14:09:32.928,35.19
09.08.2021 14:09:33.185,35.19
09.08.2021 14:09:33.909,35.19
09.08.2021 14:09:34.211,35.19
09.08.2021 14:09:34.934,35.19
09.08.2021 14:09:35.185,35.19
09.08.2021 14:09:35.925,35.19
09.08.2021 14:09:36.174,34.65
09.08.2021 14:09:36.975,34.65
09.08.2021 14:09:37.195,35.19
09.08.2021 14:09:37.930,35.19
09.08.2021 14:09:38.178,35.19
09.08.2021 14:09:38.889,35.19
09.08.2021 14:09:39.135,35.19
09.08.2021 14:09:39.936,35.19
09.08.2021 14:09:40.962,35.19
09.08.2021 14:09:41.190,35.19
09.08.2021 14:09:41.944,35.19
09.08.2021 14:09:42.975,35.19
09.08.2021 14:09:43.197,35.19
09.08.2021 14:09:43.966,35.19
09.08.2021 14:09:44.188,35.19
09.08.2021 14:09:44.961,35.19
09.08.2021 14:09:45.185,34.65
09.08.2021 14:09:45.918,34.65
09.08.2021 14:09:46.181,34.65
09.08.2021 14:09:46.966,34.65
09.08.2021 14:09:47.186,34.65
09.08.2021 14:09:47.979,34.65
09.08.2021 14:09:48.219,34.65
09.08.2021 14:09:48.976,34.65
09.08.2021 14:09:49.196,34.65
09.08.2021 14:09:49.929,34.65
09.08.2021 14:09:50.167,34.65
09.08.2021 14:09:50.926,34.65
09.08.2021 14:09:51.141,34.65
09.08.2021 14:09:52.002,34.65
09.08.2021 14:09:52.237,34.65
09.08.2021 14:09:52.961,34.65
09.08.2021 14:09:53.194,34.65
09.08.2021 14:09:53.950,34.65
09.08.2021 14:09:54.186,35.19
09.08.2021 14:09:54.981,35.19
09.08.2021 14:09:55.209,35.19
09.08.2021 14:09:55.991,35.19
09.08.2021 14:09:56.210,34.65
09.08.2021 14:09:56.989,34.65
09.08.2021 14:09:57.226,35.19
09.08.2021 14:09:57.936,35.19
09.08.2021 14:09:58.991,35.19
09.08.2021 14:09:59.214,35.19
09.08.2021 14:09:59.949,35.19
09.08.2021 14:10:00.177,34.65
09.08.2021 14:10:00.941,34.65
09.08.2021 14:10:01.163,34.65
09.08.2021 14:10:01.960,34.65
09.08.2021 14:10:02.185,34.65
09.08.2021 14:10:02.990,34.65
09.08.2021 14:10:03.213,34.65
09.08.2021 14:10:03.941,34.65
09.08.2021 14:10:04.192,34.65
09.08.2021 14:10:04.994,34.65
09.08.2021 14:10:05.235,34.65
09.08.2021 14:10:05.917,34.65
09.08.2021 14:10:06.129,34.65
09.08.2021 14:10:07.008,34.65
09.08.2021 14:10:07.928,34.65
09.08.2021 14:10:08.177,34.65
09.08.2021 14:10:08.920,34.65
09.08.2021 14:10:09.174,34.65
09.08.2021 14:10:09.970,34.65
09.08.2021 14:10:10.203,34.65
09.08.2021 14:10:10.928,34.65
09.08.2021 14:10:11.171,34.65
09.08.2021 14:10:11.920,34.65
09.08.2021 14:10:12.173,34.65
09.08.2021 14:10:12.967,34.65
09.08.2021 14:10:13.199,34.65
09.08.2021 14:10:13.907,34.65
09.08.2021 14:10:14.161,34.65
09.08.2021 14:10:14.917,34.65
09.08.2021 14:10:15.142,34.65
09.08.2021 14:10:15.907,34.65
09.08.2021 14:10:16.162,34.65
09.08.2021 14:10:16.958,34.65
09.08.2021 14:10:17.173,34.65
09.08.2021 14:10:18.008,34.65
09.08.2021 14:10:19.007,34.65
09.08.2021 14:10:19.229,34.65
09.08.2021 14:10:19.930,34.65
09.08.2021 14:10:20.174,34.65
09.08.2021 14:10:20.984,34.65
09.08.2021 14:10:21.222,34.65
09.08.2021 14:10:22.001,34.65
09.08.2021 14:10:22.230,34.65
09.08.2021 14:10:22.900,34.65
09.08.2021 14:10:23.147,34.65
09.08.2021 14:10:23.890,34.65
09.08.2021 14:10:24.136,34.65
09.08.2021 14:10:25.002,34.65
09.08.2021 14:10:25.225,34.65
09.08.2021 14:10:25.934,34.65
09.08.2021 14:10:26.174,34.65
09.08.2021 14:10:26.947,34.65
09.08.2021 14:10:27.174,34.65
09.08.2021 14:10:27.938,34.65
09.08.2021 14:10:28.172,34.65
09.08.2021 14:10:28.901,34.65
09.08.2021 14:10:29.147,34.65
09.08.2021 14:10:29.887,34.65
09.08.2021 14:10:30.130,34.65
09.08.2021 14:10:30.919,34.65
09.08.2021 14:10:31.151,34.65
09.08.2021 14:10:31.957,34.65
09.08.2021 14:10:32.195,34.65
09.08.2021 14:10:32.947,34.65
09.08.2021 14:10:33.975,34.11
09.08.2021 14:10:34.222,34.65
09.08.2021 14:10:34.969,34.65
09.08.2021 14:10:35.194,34.65
09.08.2021 14:10:35.921,34.65
09.08.2021 14:10:36.171,34.65
09.08.2021 14:10:36.967,34.65
09.08.2021 14:10:37.199,34.65
09.08.2021 14:10:37.960,34.65
09.08.2021 14:10:38.173,34.65
09.08.2021 14:10:38.978,34.65
09.08.2021 14:10:39.215,34.65
09.08.2021 14:10:39.973,34.65
09.08.2021 14:10:40.214,34.65
09.08.2021 14:10:40.928,34.65
09.08.2021 14:10:41.147,34.65
09.08.2021 14:10:41.920,34.65
09.08.2021 14:10:42.173,34.65
09.08.2021 14:10:42.909,34.65
09.08.2021 14:10:43.119,34.11
09.08.2021 14:10:43.995,34.11
09.08.2021 14:10:44.218,34.11
09.08.2021 14:10:44.981,34.11
09.08.2021 14:10:45.210,34.11
09.08.2021 14:10:45.911,34.11
09.08.2021 14:10:46.171,34.11
09.08.2021 14:10:46.904,34.11
09.08.2021 14:10:47.140,34.11
09.08.2021 14:10:47.979,34.11
09.08.2021 14:10:49.005,34.11
09.08.2021 14:10:49.222,34.11
09.08.2021 14:10:49.995,34.11
09.08.2021 14:10:50.246,34.11
09.08.2021 14:10:50.928,34.11
09.08.2021 14:10:51.176,34.11
09.08.2021 14:10:51.978,34.11
09.08.2021 14:10:52.224,34.11
09.08.2021 14:10:52.990,34.11
09.08.2021 14:10:53.219,34.11
09.08.2021 14:10:53.951,34.11
09.08.2021 14:10:54.182,34.11
09.08.2021 14:10:54.998,34.11
09.08.2021 14:10:55.931,34.11
09.08.2021 14:10:56.148,34.11
09.08.2021 14:10:56.981,34.11
09.08.2021 14:10:57.203,34.11
09.08.2021 14:10:57.885,34.11
09.08.2021 14:10:58.125,34.11
09.08.2021 14:10:58.990,34.11
09.08.2021 14:10:59.980,34.11
09.08.2021 14:11:00.199,34.11
09.08.2021 14:11:00.914,34.11
09.08.2021 14:11:01.138,34.11
09.08.2021 14:11:01.931,34.11
09.08.2021 14:11:02.174,34.11
09.08.2021 14:11:02.981,34.11
09.08.2021 14:11:04.004,34.11
09.08.2021 14:11:04.901,34.11
09.08.2021 14:11:05.136,34.11
09.08.2021 14:11:05.926,34.11
09.08.2021 14:11:07.004,34.11
09.08.2021 14:11:07.228,34.11
09.08.2021 14:11:07.991,34.11
09.08.2021 14:11:08.218,34.11
09.08.2021 14:11:08.981,34.11
09.08.2021 14:11:09.204,34.11
09.08.2021 14:11:09.977,34.11
09.08.2021 14:11:10.218,34.11
09.08.2021 14:11:10.930,34.11
09.08.2021 14:11:11.174,34.11
09.08.2021 14:11:11.888,34.11
09.08.2021 14:11:12.100,34.11
09.08.2021 14:11:12.881,34.11
09.08.2021 14:11:13.125,34.11
09.08.2021 14:11:13.901,34.11
09.08.2021 14:11:14.139,34.11
09.08.2021 14:11:14.891,34.11
09.08.2021 14:11:15.119,34.11
09.08.2021 14:11:15.913,34.11
09.08.2021 14:11:16.152,34.11
09.08.2021 14:11:16.898,34.11
09.08.2021 14:11:17.130,34.11
09.08.2021 14:11:17.928,34.11
09.08.2021 14:11:18.167,33.57
09.08.2021 14:11:18.918,33.57
09.08.2021 14:11:19.913,33.57
09.08.2021 14:11:20.140,34.11
09.08.2021 14:11:20.925,34.11
09.08.2021 14:11:21.172,34.11
09.08.2021 14:11:21.915,34.11
09.08.2021 14:11:22.166,34.11
09.08.2021 14:11:22.902,34.11
09.08.2021 14:11:23.174,33.57
09.08.2021 14:11:23.982,33.57
09.08.2021 14:11:24.198,33.57
09.08.2021 14:11:24.914,33.57
09.08.2021 14:11:25.152,33.57
09.08.2021 14:11:25.931,33.57
09.08.2021 14:11:26.177,34.11
09.08.2021 14:11:26.925,34.11
09.08.2021 14:11:27.177,34.11
09.08.2021 14:11:27.914,34.11
09.08.2021 14:11:28.165,33.57
09.08.2021 14:11:28.901,33.57
09.08.2021 14:11:29.136,33.57
09.08.2021 14:11:29.925,33.57
09.08.2021 14:11:30.915,33.57
09.08.2021 14:11:31.149,33.57
09.08.2021 14:11:31.930,33.57
09.08.2021 14:11:32.922,33.57
09.08.2021 14:11:33.166,33.57
09.08.2021 14:11:33.915,33.57
09.08.2021 14:11:34.151,33.57
09.08.2021 14:11:34.931,33.57
09.08.2021 14:11:35.172,33.57
09.08.2021 14:11:35.925,33.57
09.08.2021 14:11:36.178,33.57
09.08.2021 14:11:36.911,33.57
09.08.2021 14:11:37.151,33.57
09.08.2021 14:11:37.939,33.57
09.08.2021 14:11:38.178,33.57
09.08.2021 14:11:38.925,33.57
09.08.2021 14:11:39.178,33.57
09.08.2021 14:11:39.942,33.57
09.08.2021 14:11:40.185,33.57
09.08.2021 14:11:40.940,33.57
09.08.2021 14:11:41.179,33.57
09.08.2021 14:11:41.925,33.57
09.08.2021 14:11:42.176,33.57
09.08.2021 14:11:42.941,33.57
09.08.2021 14:11:43.182,33.57
09.08.2021 14:11:43.939,33.57
09.08.2021 14:11:44.925,33.57
09.08.2021 14:11:45.175,33.57
09.08.2021 14:11:45.941,33.57
09.08.2021 14:11:46.961,33.57
09.08.2021 14:11:47.198,33.57
09.08.2021 14:11:47.925,33.57
09.08.2021 14:11:48.942,33.57
09.08.2021 14:11:49.188,33.57
09.08.2021 14:11:49.939,33.57
09.08.2021 14:11:50.178,33.57
09.08.2021 14:11:50.922,33.57
09.08.2021 14:11:51.946,33.57
09.08.2021 14:11:52.175,33.57
09.08.2021 14:11:52.932,33.57
09.08.2021 14:11:53.182,33.57
09.08.2021 14:11:53.921,33.57
09.08.2021 14:11:54.168,33.57
09.08.2021 14:11:54.946,33.57
09.08.2021 14:11:55.178,33.57
09.08.2021 14:11:55.932,33.57
09.08.2021 14:11:56.171,33.57
09.08.2021 14:11:56.959,33.57
09.08.2021 14:11:57.946,33.57
09.08.2021 14:11:58.154,33.57
09.08.2021 14:11:58.962,33.57
09.08.2021 14:11:59.174,33.57
09.08.2021 14:11:59.959,33.57
09.08.2021 14:12:00.946,33.57
09.08.2021 14:12:01.174,33.57
09.08.2021 14:12:01.963,33.57
09.08.2021 14:12:02.184,33.57
09.08.2021 14:12:02.960,33.57
09.08.2021 14:12:03.174,33.57
09.08.2021 14:12:03.946,33.57
09.08.2021 14:12:04.176,33.57
09.08.2021 14:12:04.962,33.57
09.08.2021 14:12:05.175,33.57
09.08.2021 14:12:05.951,33.57
09.08.2021 14:12:06.175,33.57
09.08.2021 14:12:06.943,33.57
09.08.2021 14:12:07.176,33.57
09.08.2021 14:12:07.968,33.57
09.08.2021 14:12:08.185,33.57
09.08.2021 14:12:08.952,33.57
09.08.2021 14:12:09.174,33.57
09.08.2021 14:12:09.942,33.57
09.08.2021 14:12:10.180,33.03
09.08.2021 14:12:10.968,33.03
09.08.2021 14:12:11.184,33.03
09.08.2021 14:12:11.953,33.03
09.08.2021 14:12:12.184,33.03
09.08.2021 14:12:12.978,33.03
09.08.2021 14:12:13.191,33.03
09.08.2021 14:12:13.968,33.03
09.08.2021 14:12:14.182,33.03
09.08.2021 14:12:14.952,33.03
09.08.2021 14:12:15.977,33.57
09.08.2021 14:12:16.968,33.57
09.08.2021 14:12:17.186,33.57
09.08.2021 14:12:17.975,33.57
09.08.2021 14:12:18.197,33.03
09.08.2021 14:12:18.977,33.03
09.08.2021 14:12:19.202,33.03
09.08.2021 14:12:19.969,33.03
09.08.2021 14:12:20.186,33.03
09.08.2021 14:12:20.952,33.03
09.08.2021 14:12:21.178,33.03
09.08.2021 14:12:21.978,33.03
09.08.2021 14:12:22.206,33.03
09.08.2021 14:12:22.962,33.03
09.08.2021 14:12:23.185,33.03
09.08.2021 14:12:23.984,33.03
09.08.2021 14:12:24.220,33.03
09.08.2021 14:12:24.978,33.03
09.08.2021 14:12:25.208,33.03
09.08.2021 14:12:25.962,33.03
09.08.2021 14:12:26.190,33.03
09.08.2021 14:12:26.983,33.03
09.08.2021 14:12:27.213,33.03
09.08.2021 14:12:27.969,33.03
09.08.2021 14:12:28.187,33.03
09.08.2021 14:12:29.012,33.03
09.08.2021 14:12:29.983,33.03
09.08.2021 14:12:30.204,33.03
09.08.2021 14:12:30.969,33.03
09.08.2021 14:12:31.193,33.03
09.08.2021 14:12:31.993,33.03
09.08.2021 14:12:32.215,33.03
09.08.2021 14:12:32.984,33.03
09.08.2021 14:12:33.229,33.03
09.08.2021 14:12:33.979,33.03
09.08.2021 14:12:34.992,33.03
09.08.2021 14:12:35.220,33.03
09.08.2021 14:12:35.983,33.03
09.08.2021 14:12:36.216,33.03
09.08.2021 14:12:36.972,33.03
09.08.2021 14:12:37.198,33.03
09.08.2021 14:12:37.990,33.03
09.08.2021 14:12:38.982,33.03
09.08.2021 14:12:39.205,33.03
09.08.2021 14:12:39.981,33.03
09.08.2021 14:12:40.198,33.03
09.08.2021 14:12:40.992,33.03
09.08.2021 14:12:41.216,33.03
09.08.2021 14:12:41.982,33.03
09.08.2021 14:12:42.220,33.03
09.08.2021 14:12:43.004,33.03
09.08.2021 14:12:43.993,33.03
09.08.2021 14:12:44.216,33.03
09.08.2021 14:12:44.949,33.03
09.08.2021 14:12:45.173,33.03
09.08.2021 14:12:45.980,33.03
09.08.2021 14:12:46.221,33.03
09.08.2021 14:12:46.991,33.03
09.08.2021 14:12:47.983,33.03
09.08.2021 14:12:48.980,33.03
09.08.2021 14:12:49.197,33.03
09.08.2021 14:12:49.993,33.03
09.08.2021 14:12:50.222,33.03
09.08.2021 14:12:50.931,33.03
09.08.2021 14:12:51.981,33.03
09.08.2021 14:12:52.211,33.03
09.08.2021 14:12:52.993,33.03
09.08.2021 14:12:53.217,33.03
09.08.2021 14:12:53.931,33.03
09.08.2021 14:12:54.176,33.03
09.08.2021 14:12:54.981,33.03
09.08.2021 14:12:55.210,33.03
09.08.2021 14:12:55.940,33.03
09.08.2021 14:12:56.181,33.03
09.08.2021 14:12:56.930,33.03
09.08.2021 14:12:57.180,33.03
09.08.2021 14:12:57.980,33.03
09.08.2021 14:12:58.209,33.03
09.08.2021 14:12:58.993,33.03
09.08.2021 14:12:59.990,33.03
09.08.2021 14:13:00.205,33.03
09.08.2021 14:13:00.980,33.03
09.08.2021 14:13:01.203,33.03
09.08.2021 14:13:01.992,33.03
09.08.2021 14:13:02.213,33.03
09.08.2021 14:13:02.953,33.03
09.08.2021 14:13:03.179,32.48
09.08.2021 14:13:04.027,32.48
09.08.2021 14:13:04.251,32.48
09.08.2021 14:13:04.941,32.48
09.08.2021 14:13:05.178,32.48
09.08.2021 14:13:05.923,32.48
09.08.2021 14:13:06.170,32.48
09.08.2021 14:13:07.007,32.48
09.08.2021 14:13:08.000,32.48
09.08.2021 14:13:08.217,32.48
09.08.2021 14:13:08.955,32.48
09.08.2021 14:13:09.174,32.48
09.08.2021 14:13:09.948,32.48
09.08.2021 14:13:10.164,32.48
09.08.2021 14:13:10.941,32.48
09.08.2021 14:13:11.982,32.48
09.08.2021 14:13:12.946,32.48
09.08.2021 14:13:13.169,32.48
09.08.2021 14:13:13.996,32.48
09.08.2021 14:13:14.219,32.48
09.08.2021 14:13:14.922,32.48
09.08.2021 14:13:15.173,32.48
09.08.2021 14:13:15.946,32.48
09.08.2021 14:13:16.166,32.48
09.08.2021 14:13:16.959,32.48
09.08.2021 14:13:17.178,32.48
09.08.2021 14:13:17.956,32.48
09.08.2021 14:13:18.191,32.48
09.08.2021 14:13:18.912,32.48
09.08.2021 14:13:19.166,32.48
09.08.2021 14:13:19.996,32.48
09.08.2021 14:13:20.232,32.48
09.08.2021 14:13:20.923,32.48
09.08.2021 14:13:21.171,32.48
09.08.2021 14:13:21.918,32.48
09.08.2021 14:13:22.153,32.48
09.08.2021 14:13:22.967,32.48
09.08.2021 14:13:23.186,33.03
09.08.2021 14:13:23.892,33.03
09.08.2021 14:13:24.132,33.03
09.08.2021 14:13:24.972,33.03
09.08.2021 14:13:25.203,32.48
09.08.2021 14:13:25.931,32.48
09.08.2021 14:13:26.174,32.48
09.08.2021 14:13:26.903,32.48
09.08.2021 14:13:27.131,32.48
09.08.2021 14:13:27.917,32.48
09.08.2021 14:13:28.908,32.48
09.08.2021 14:13:29.138,32.48
09.08.2021 14:13:29.921,32.48
09.08.2021 14:13:30.132,32.48
09.08.2021 14:13:30.917,32.48
09.08.2021 14:13:31.177,32.48
09.08.2021 14:13:31.967,32.48
09.08.2021 14:13:32.186,32.48
09.08.2021 14:13:32.984,32.48
09.08.2021 14:13:33.213,32.48
09.08.2021 14:13:33.917,32.48
09.08.2021 14:13:34.968,32.48
09.08.2021 14:13:35.206,32.48
09.08.2021 14:13:35.924,32.48
09.08.2021 14:13:36.172,32.48
09.08.2021 14:13:36.915,32.48
09.08.2021 14:13:37.147,32.48
09.08.2021 14:13:37.903,32.48
09.08.2021 14:13:38.135,32.48
09.08.2021 14:13:38.952,32.48
09.08.2021 14:13:39.183,32.48
09.08.2021 14:13:39.915,32.48
09.08.2021 14:13:40.147,32.48
09.08.2021 14:13:40.934,32.48
09.08.2021 14:13:41.176,31.94
09.08.2021 14:13:41.983,31.94
09.08.2021 14:13:42.203,31.94
09.08.2021 14:13:42.973,31.94
09.08.2021 14:13:43.191,32.48
09.08.2021 14:13:43.903,32.48
09.08.2021 14:13:44.135,32.48
09.08.2021 14:13:44.924,32.48
09.08.2021 14:13:45.168,32.48
09.08.2021 14:13:45.915,32.48
09.08.2021 14:13:46.142,32.48
09.08.2021 14:13:46.893,32.48
09.08.2021 14:13:47.103,32.48
09.08.2021 14:13:47.891,32.48
09.08.2021 14:13:48.905,32.48
09.08.2021 14:13:49.126,32.48
09.08.2021 14:13:49.903,32.48
09.08.2021 14:13:50.924,32.48
09.08.2021 14:13:51.147,31.94
09.08.2021 14:13:51.943,31.94
09.08.2021 14:13:52.180,31.94
09.08.2021 14:13:52.963,31.94
09.08.2021 14:13:53.189,31.94
09.08.2021 14:13:53.924,31.94
09.08.2021 14:13:54.175,31.94
09.08.2021 14:13:54.975,31.94
09.08.2021 14:13:55.964,31.94
09.08.2021 14:13:56.193,31.94
09.08.2021 14:13:56.924,31.94
09.08.2021 14:13:57.173,31.94
09.08.2021 14:13:57.975,31.94
09.08.2021 14:13:58.197,31.94
09.08.2021 14:13:58.934,31.94
09.08.2021 14:13:59.173,31.94
09.08.2021 14:13:59.920,31.94
09.08.2021 14:14:00.163,31.94
09.08.2021 14:14:00.913,31.94
09.08.2021 14:14:01.148,32.48
09.08.2021 14:14:01.927,32.48
09.08.2021 14:14:02.163,32.48
09.08.2021 14:14:02.950,32.48
09.08.2021 14:14:03.172,32.48
09.08.2021 14:14:03.975,32.48
09.08.2021 14:14:04.193,31.94
09.08.2021 14:14:04.895,31.94
09.08.2021 14:14:05.109,31.94
09.08.2021 14:14:05.924,31.94
09.08.2021 14:14:06.973,31.94
09.08.2021 14:14:07.192,31.94
09.08.2021 14:14:07.932,31.94
09.08.2021 14:14:08.174,32.48
09.08.2021 14:14:08.923,32.48
09.08.2021 14:14:09.170,32.48
09.08.2021 14:14:09.947,32.48
09.08.2021 14:14:10.172,31.94
09.08.2021 14:14:10.933,31.94
09.08.2021 14:14:11.175,31.94
09.08.2021 14:14:12.913,31.94
09.08.2021 14:14:13.148,32.48
09.08.2021 14:14:13.963,32.48
09.08.2021 14:14:14.187,31.94
09.08.2021 14:14:14.892,31.94
09.08.2021 14:14:15.106,31.94
09.08.2021 14:14:15.973,31.94
09.08.2021 14:14:16.963,31.94
09.08.2021 14:14:17.982,31.94
09.08.2021 14:14:18.213,31.94
09.08.2021 14:14:18.914,31.94
09.08.2021 14:14:19.153,31.94
09.08.2021 14:14:19.962,31.94
09.08.2021 14:14:20.173,31.94
09.08.2021 14:14:20.923,31.94
09.08.2021 14:14:21.974,31.94
09.08.2021 14:14:22.195,31.94
09.08.2021 14:14:22.968,31.94
09.08.2021 14:14:23.191,31.94
09.08.2021 14:14:23.894,31.94
09.08.2021 14:14:24.132,31.94
09.08.2021 14:14:25.005,31.94
09.08.2021 14:14:25.221,31.94
09.08.2021 14:14:25.934,31.94
09.08.2021 14:14:26.146,31.94
09.08.2021 14:14:26.984,31.94
09.08.2021 14:14:27.884,31.94
09.08.2021 14:14:28.117,31.94
09.08.2021 14:14:28.904,31.94
09.08.2021 14:14:29.117,31.94
09.08.2021 14:14:29.983,31.94
09.08.2021 14:14:30.207,31.94
09.08.2021 14:14:30.944,31.94
09.08.2021 14:14:31.154,31.40
09.08.2021 14:14:31.968,31.40
09.08.2021 14:14:32.227,31.94
09.08.2021 14:14:32.984,31.94
09.08.2021 14:14:33.974,31.94
09.08.2021 14:14:34.197,31.94
09.08.2021 14:14:34.934,31.94
09.08.2021 14:14:35.173,31.94
09.08.2021 14:14:36.102,31.94
09.08.2021 14:14:36.975,31.94
09.08.2021 14:14:37.187,31.94
09.08.2021 14:14:37.935,31.94
09.08.2021 14:14:38.894,31.94
09.08.2021 14:14:39.127,31.40
09.08.2021 14:14:39.944,31.40
09.08.2021 14:14:40.935,31.40
09.08.2021 14:14:41.172,31.40
09.08.2021 14:14:41.984,31.40
09.08.2021 14:14:42.210,31.40
09.08.2021 14:14:42.943,31.40
09.08.2021 14:14:43.175,31.94
09.08.2021 14:14:43.994,31.94
09.08.2021 14:14:44.961,31.94
09.08.2021 14:14:45.181,31.94
09.08.2021 14:14:45.944,31.94
09.08.2021 14:14:46.178,31.94
09.08.2021 14:14:46.994,31.94
09.08.2021 14:14:47.222,31.94
09.08.2021 14:14:47.954,31.94
09.08.2021 14:14:48.180,31.94
09.08.2021 14:14:48.915,31.94
09.08.2021 14:14:49.149,31.94
09.08.2021 14:14:49.964,31.94
09.08.2021 14:14:50.178,31.94
09.08.2021 14:14:50.954,31.94
09.08.2021 14:14:51.173,31.94
09.08.2021 14:14:51.944,31.94
09.08.2021 14:14:52.178,31.94
09.08.2021 14:14:52.994,31.94
09.08.2021 14:14:53.235,31.40
09.08.2021 14:14:53.895,31.40
09.08.2021 14:14:54.133,31.40
09.08.2021 14:14:54.973,31.40
09.08.2021 14:14:55.186,31.40
09.08.2021 14:14:55.934,31.40
09.08.2021 14:14:56.924,31.40
09.08.2021 14:14:57.178,31.40
09.08.2021 14:14:57.974,31.40
09.08.2021 14:14:58.194,31.40
09.08.2021 14:14:58.968,31.40
09.08.2021 14:14:59.182,31.94
09.08.2021 14:14:59.981,31.94
09.08.2021 14:15:00.945,31.40
09.08.2021 14:15:01.192,31.40
09.08.2021 14:15:01.968,31.40
09.08.2021 14:15:02.194,31.94
09.08.2021 14:15:02.924,31.94
09.08.2021 14:15:03.168,31.94
09.08.2021 14:15:03.975,31.94
09.08.2021 14:15:04.196,31.94
09.08.2021 14:15:05.002,31.94
09.08.2021 14:15:05.954,31.94
09.08.2021 14:15:06.218,31.94
09.08.2021 14:15:06.974,31.94
09.08.2021 14:15:07.994,31.40
09.08.2021 14:15:08.207,31.40
09.08.2021 14:15:08.954,31.40
09.08.2021 14:15:09.178,31.94
09.08.2021 14:15:09.988,31.94
09.08.2021 14:15:10.232,31.94
09.08.2021 14:15:10.934,31.94
09.08.2021 14:15:11.985,31.94
09.08.2021 14:15:12.203,31.94
09.08.2021 14:15:12.971,31.94
09.08.2021 14:15:13.192,31.94
09.08.2021 14:15:13.994,31.94
09.08.2021 14:15:14.220,31.40
09.08.2021 14:15:14.954,31.40
09.08.2021 14:15:15.183,31.40
09.08.2021 14:15:15.944,31.40
09.08.2021 14:15:16.155,31.40
09.08.2021 14:15:16.935,31.40
09.08.2021 14:15:17.176,31.40
09.08.2021 14:15:17.985,31.40
09.08.2021 14:15:18.199,31.40
09.08.2021 14:15:18.915,31.40
09.08.2021 14:15:19.131,31.40
09.08.2021 14:15:19.995,31.40
09.08.2021 14:15:20.223,31.40
09.08.2021 14:15:20.959,31.40
09.08.2021 14:15:21.173,31.40
09.08.2021 14:15:21.915,31.40
09.08.2021 14:15:22.146,31.40
09.08.2021 14:15:22.908,31.40
09.08.2021 14:15:23.138,31.40
09.08.2021 14:15:23.895,31.40
09.08.2021 14:15:24.945,31.40
09.08.2021 14:15:25.935,31.40
09.08.2021 14:15:26.958,31.40
09.08.2021 14:15:27.179,31.40
09.08.2021 14:15:28.009,31.40
09.08.2021 14:15:28.909,31.40
09.08.2021 14:15:29.136,31.40
09.08.2021 14:15:29.981,31.40
09.08.2021 14:15:30.945,31.40
09.08.2021 14:15:31.183,31.40
09.08.2021 14:15:31.904,31.40
09.08.2021 14:15:32.984,31.40
09.08.2021 14:15:33.216,31.40
09.08.2021 14:15:33.915,31.40
09.08.2021 14:15:34.136,31.40
09.08.2021 14:15:34.909,31.40
09.08.2021 14:15:35.138,31.40
09.08.2021 14:15:35.959,31.40
09.08.2021 14:15:36.172,31.40
09.08.2021 14:15:36.918,31.40
09.08.2021 14:15:37.134,31.40
09.08.2021 14:15:37.935,31.40
09.08.2021 14:15:38.173,31.40
09.08.2021 14:15:38.959,31.40
09.08.2021 14:15:39.175,31.40
09.08.2021 14:15:39.976,31.40
09.08.2021 14:15:40.195,31.40
09.08.2021 14:15:40.968,31.40
09.08.2021 14:15:41.189,31.40
09.08.2021 14:15:41.985,31.40
09.08.2021 14:15:42.945,31.40
09.08.2021 14:15:43.178,31.40
09.08.2021 14:15:43.995,31.40
09.08.2021 14:15:44.217,31.40
09.08.2021 14:15:44.888,31.40
09.08.2021 14:15:45.175,31.40
09.08.2021 14:15:45.944,31.40
09.08.2021 14:15:46.177,31.40
09.08.2021 14:15:46.908,31.40
09.08.2021 14:15:47.134,30.86
09.08.2021 14:15:47.895,30.86
09.08.2021 14:15:48.126,31.40
09.08.2021 14:15:48.975,31.40
09.08.2021 14:15:49.189,31.40
09.08.2021 14:15:49.930,31.40
09.08.2021 14:15:50.950,31.40
09.08.2021 14:15:51.159,31.40
09.08.2021 14:15:51.915,31.40
09.08.2021 14:15:52.166,31.40
09.08.2021 14:15:52.995,31.40
09.08.2021 14:15:53.218,31.40
09.08.2021 14:15:53.895,31.40
09.08.2021 14:15:54.128,31.40
09.08.2021 14:15:54.975,31.40
09.08.2021 14:15:55.965,31.40
09.08.2021 14:15:56.191,31.40
09.08.2021 14:15:57.102,31.40
09.08.2021 14:15:57.915,31.40
09.08.2021 14:15:58.147,31.40
09.08.2021 14:15:58.905,31.40
09.08.2021 14:15:59.126,31.40
09.08.2021 14:15:59.895,31.40
09.08.2021 14:16:00.125,31.40
09.08.2021 14:16:00.979,31.40
09.08.2021 14:16:01.195,30.86
09.08.2021 14:16:01.905,30.86
09.08.2021 14:16:02.127,30.86
09.08.2021 14:16:02.895,30.86
09.08.2021 14:16:03.126,30.86
09.08.2021 14:16:03.885,30.86
09.08.2021 14:16:04.119,30.86
09.08.2021 14:16:04.937,30.86
09.08.2021 14:16:05.170,30.86
09.08.2021 14:16:05.955,30.86
09.08.2021 14:16:06.171,31.40
09.08.2021 14:16:06.915,31.40
09.08.2021 14:16:07.166,31.40
09.08.2021 14:16:07.934,31.40
09.08.2021 14:16:08.173,30.86
09.08.2021 14:16:08.895,30.86
09.08.2021 14:16:09.129,30.86
09.08.2021 14:16:10.006,30.86
09.08.2021 14:16:10.223,30.86
09.08.2021 14:16:10.965,30.86
09.08.2021 14:16:11.177,30.86
09.08.2021 14:16:11.954,30.86
09.08.2021 14:16:12.180,30.86
09.08.2021 14:16:12.975,30.86
09.08.2021 14:16:13.905,30.86
09.08.2021 14:16:14.137,30.86
09.08.2021 14:16:14.984,30.86
09.08.2021 14:16:15.974,30.86
09.08.2021 14:16:16.995,30.86
09.08.2021 14:16:17.895,30.86
09.08.2021 14:16:18.121,30.86
09.08.2021 14:16:18.946,30.86
09.08.2021 14:16:20.085,30.86
09.08.2021 14:16:20.956,30.86
09.08.2021 14:16:21.171,30.86
09.08.2021 14:16:21.915,30.86
09.08.2021 14:16:22.153,30.86
09.08.2021 14:16:22.995,30.86
09.08.2021 14:16:23.986,30.86
09.08.2021 14:16:24.915,30.86
09.08.2021 14:16:25.966,30.86
09.08.2021 14:16:26.186,30.86
09.08.2021 14:16:26.985,30.86
09.08.2021 14:16:27.205,30.86
09.08.2021 14:16:28.006,30.86
09.08.2021 14:16:28.906,30.86
09.08.2021 14:16:29.955,30.86
09.08.2021 14:16:30.173,30.86
09.08.2021 14:16:30.975,30.86
09.08.2021 14:16:31.200,30.86
09.08.2021 14:16:31.905,30.86
09.08.2021 14:16:32.137,30.86
09.08.2021 14:16:32.923,30.86
09.08.2021 14:16:33.175,30.86
09.08.2021 14:16:33.916,30.86
09.08.2021 14:16:34.149,30.86
09.08.2021 14:16:34.965,30.86
09.08.2021 14:16:35.185,30.86
09.08.2021 14:16:35.954,30.86
09.08.2021 14:16:36.916,30.86
09.08.2021 14:16:37.148,30.86
09.08.2021 14:16:37.935,30.86
09.08.2021 14:16:38.896,30.86
09.08.2021 14:16:39.125,30.86
09.08.2021 14:16:39.975,30.86
09.08.2021 14:16:40.197,30.86
09.08.2021 14:16:40.966,30.86
09.08.2021 14:16:41.186,30.86
09.08.2021 14:16:41.896,30.86
09.08.2021 14:16:42.125,30.86
09.08.2021 14:16:42.942,30.86
09.08.2021 14:16:43.905,30.86
09.08.2021 14:16:44.126,30.86
09.08.2021 14:16:45.106,30.86
09.08.2021 14:16:45.976,30.86
09.08.2021 14:16:46.191,30.86
09.08.2021 14:16:46.906,30.86
09.08.2021 14:16:47.124,30.86
09.08.2021 14:16:47.955,30.86
09.08.2021 14:16:48.171,30.86
09.08.2021 14:16:48.916,30.86
09.08.2021 14:16:49.138,30.86
09.08.2021 14:16:49.965,30.86
09.08.2021 14:16:50.186,30.86
09.08.2021 14:16:50.986,30.86
09.08.2021 14:16:52.007,30.86
09.08.2021 14:16:52.219,30.86
09.08.2021 14:16:52.997,30.86
09.08.2021 14:16:53.215,30.86
09.08.2021 14:16:53.957,30.86
09.08.2021 14:16:54.976,30.32
09.08.2021 14:16:55.197,30.32
09.08.2021 14:16:55.966,30.32
09.08.2021 14:16:56.183,30.32
09.08.2021 14:16:56.957,30.32
09.08.2021 14:16:57.171,30.32
09.08.2021 14:16:58.007,30.32
09.08.2021 14:16:58.225,30.86
09.08.2021 14:16:58.905,30.86
09.08.2021 14:16:59.114,30.86
09.08.2021 14:16:59.927,30.86
09.08.2021 14:17:00.975,30.86
09.08.2021 14:17:01.206,30.86
09.08.2021 14:17:01.992,30.86
09.08.2021 14:17:02.216,30.86
09.08.2021 14:17:02.957,30.86
09.08.2021 14:17:03.180,30.86
09.08.2021 14:17:03.976,30.86
09.08.2021 14:17:04.206,30.86
09.08.2021 14:17:04.963,30.86
09.08.2021 14:17:05.210,30.86
09.08.2021 14:17:05.985,30.86
09.08.2021 14:17:06.944,30.86
09.08.2021 14:17:07.186,30.86
09.08.2021 14:17:07.972,30.86
09.08.2021 14:17:08.926,30.32
09.08.2021 14:17:09.920,30.32
09.08.2021 14:17:10.132,30.32
09.08.2021 14:17:10.970,30.32
09.08.2021 14:17:11.985,30.32
09.08.2021 14:17:12.210,30.32
09.08.2021 14:17:12.969,30.32
09.08.2021 14:17:13.971,30.32
09.08.2021 14:17:14.186,30.32
09.08.2021 14:17:14.986,30.32
09.08.2021 14:17:15.206,30.32
09.08.2021 14:17:15.965,30.32
09.08.2021 14:17:16.187,30.32
09.08.2021 14:17:16.939,30.32
09.08.2021 14:17:17.181,30.32
09.08.2021 14:17:17.925,30.32
09.08.2021 14:17:18.176,30.32
09.08.2021 14:17:19.006,30.32
09.08.2021 14:17:19.911,30.32
09.08.2021 14:17:20.136,30.32
09.08.2021 14:17:20.985,30.32
09.08.2021 14:17:21.214,30.32
09.08.2021 14:17:21.943,30.32
09.08.2021 14:17:22.180,30.32
09.08.2021 14:17:22.906,30.32
09.08.2021 14:17:23.137,30.32
09.08.2021 14:17:23.890,30.32
09.08.2021 14:17:24.130,30.32
09.08.2021 14:17:24.976,30.32
09.08.2021 14:17:25.237,30.86
09.08.2021 14:17:25.996,30.86
09.08.2021 14:17:26.221,30.32
09.08.2021 14:17:26.961,30.32
09.08.2021 14:17:28.011,30.32
09.08.2021 14:17:28.224,30.32
09.08.2021 14:17:28.996,30.32
09.08.2021 14:17:29.215,30.32
09.08.2021 14:17:29.986,30.32
09.08.2021 14:17:30.216,30.32
09.08.2021 14:17:30.965,30.32
09.08.2021 14:17:31.203,30.32
09.08.2021 14:17:31.965,30.32
09.08.2021 14:17:32.296,30.32
09.08.2021 14:17:33.039,30.32
09.08.2021 14:17:33.288,30.32
09.08.2021 14:17:33.929,30.32
09.08.2021 14:17:34.170,30.32
09.08.2021 14:17:34.905,30.32
09.08.2021 14:17:35.168,30.32
09.08.2021 14:17:35.986,30.32
09.08.2021 14:17:36.228,30.32
09.08.2021 14:17:36.917,30.32
09.08.2021 14:17:37.173,30.32
09.08.2021 14:17:37.968,30.32
09.08.2021 14:17:38.230,30.32
09.08.2021 14:17:39.007,30.32
09.08.2021 14:17:39.315,30.32
09.08.2021 14:17:39.948,30.32
09.08.2021 14:17:40.182,30.32
09.08.2021 14:17:41.002,30.32
09.08.2021 14:17:41.223,30.32
09.08.2021 14:17:41.927,30.32
09.08.2021 14:17:42.203,30.32
09.08.2021 14:17:42.949,30.32
09.08.2021 14:17:43.910,30.32
09.08.2021 14:17:44.155,30.32
09.08.2021 14:17:44.958,30.32
09.08.2021 14:17:45.173,30.32
09.08.2021 14:17:45.977,30.32
09.08.2021 14:17:46.204,30.32
09.08.2021 14:17:46.909,30.32
09.08.2021 14:17:47.150,30.32
09.08.2021 14:17:47.985,30.32
09.08.2021 14:17:48.209,30.32
09.08.2021 14:17:49.009,30.32
09.08.2021 14:17:49.911,30.32
09.08.2021 14:17:50.131,30.32
09.08.2021 14:17:50.986,30.32
09.08.2021 14:17:51.203,30.32
09.08.2021 14:17:51.916,30.32
09.08.2021 14:17:52.965,30.32
09.08.2021 14:17:53.185,30.32
09.08.2021 14:17:53.959,30.32
09.08.2021 14:17:54.177,30.32
09.08.2021 14:17:54.945,30.32
09.08.2021 14:17:55.175,30.32
09.08.2021 14:17:55.997,30.32
09.08.2021 14:17:56.926,30.32
09.08.2021 14:17:57.152,30.32
09.08.2021 14:17:57.914,30.32
09.08.2021 14:17:58.996,30.32
09.08.2021 14:17:59.211,30.32
09.08.2021 14:17:59.956,30.32
09.08.2021 14:18:00.175,30.32
09.08.2021 14:18:00.966,30.32
09.08.2021 14:18:01.182,30.32
09.08.2021 14:18:01.966,30.32
09.08.2021 14:18:02.926,30.32
09.08.2021 14:18:03.153,30.32
09.08.2021 14:18:03.946,30.32
09.08.2021 14:18:04.903,30.32
09.08.2021 14:18:05.126,30.32
09.08.2021 14:18:05.986,30.32
09.08.2021 14:18:07.038,30.32
09.08.2021 14:18:07.903,30.32
09.08.2021 14:18:08.131,30.32
09.08.2021 14:18:08.926,30.32
09.08.2021 14:18:09.163,30.32
09.08.2021 14:18:09.946,30.32
09.08.2021 14:18:10.179,30.32
09.08.2021 14:18:10.908,30.32
09.08.2021 14:18:11.137,30.32
09.08.2021 14:18:11.896,30.32
09.08.2021 14:18:12.922,30.32
09.08.2021 14:18:13.940,30.32
09.08.2021 14:18:14.171,30.32
09.08.2021 14:18:14.986,30.32
09.08.2021 14:18:15.206,30.32
09.08.2021 14:18:15.916,30.32
09.08.2021 14:18:16.153,30.32
09.08.2021 14:18:16.936,30.32
09.08.2021 14:18:17.172,30.32
09.08.2021 14:18:17.987,30.32
09.08.2021 14:18:18.915,30.32
09.08.2021 14:18:19.151,30.32
09.08.2021 14:18:19.931,30.32
09.08.2021 14:18:20.979,30.32
09.08.2021 14:18:21.203,30.32
09.08.2021 14:18:21.964,30.32
09.08.2021 14:18:22.299,30.32
09.08.2021 14:18:23.051,30.32
09.08.2021 14:18:23.887,30.32
09.08.2021 14:18:24.869,30.32
09.08.2021 14:18:25.893,30.32
09.08.2021 14:18:26.884,30.32
09.08.2021 14:18:27.879,30.32
09.08.2021 14:18:28.871,30.32
09.08.2021 14:18:29.886,30.32
09.08.2021 14:18:30.885,30.32
09.08.2021 14:18:31.867,30.32
09.08.2021 14:18:32.889,30.32
09.08.2021 14:18:33.886,30.32
09.08.2021 14:18:34.870,30.32
09.08.2021 14:18:35.892,30.32
09.08.2021 14:18:36.880,30.32
09.08.2021 14:18:37.900,30.32
09.08.2021 14:18:38.893,30.32
09.08.2021 14:18:40.110,30.32
09.08.2021 14:18:40.898,30.32
09.08.2021 14:18:41.895,30.32
09.08.2021 14:18:42.885,30.32
09.08.2021 14:18:43.867,30.32
09.08.2021 14:18:44.890,30.32
09.08.2021 14:18:45.877,30.32
09.08.2021 14:18:46.903,30.32
09.08.2021 14:18:47.882,30.32
09.08.2021 14:18:48.882,30.32
09.08.2021 14:18:49.872,30.32
09.08.2021 14:18:50.887,30.32
09.08.2021 14:18:51.883,30.32
09.08.2021 14:18:52.905,30.32
09.08.2021 14:18:53.929,30.32
09.08.2021 14:18:54.918,30.32
09.08.2021 14:18:55.897,30.32
09.08.2021 14:18:56.129,30.32
09.08.2021 14:18:56.891,30.32
09.08.2021 14:18:57.875,30.32
