date, battery
09.08.2021 09:39:11.663,37.00
09.08.2021 09:39:11.933,37.00
09.08.2021 09:39:12.601,37.00
09.08.2021 09:39:13.623,37.00
09.08.2021 09:39:14.597,37.00
09.08.2021 09:39:15.598,37.00
09.08.2021 09:39:16.819,37.00
09.08.2021 09:39:17.601,37.00
09.08.2021 09:39:18.596,37.00
09.08.2021 09:39:19.620,37.00
09.08.2021 09:39:20.614,37.00
09.08.2021 09:39:21.590,37.00
09.08.2021 09:39:22.619,37.00
09.08.2021 09:39:23.610,37.00
09.08.2021 09:39:24.597,37.00
09.08.2021 09:39:25.614,37.00
09.08.2021 09:39:26.609,37.00
09.08.2021 09:39:27.602,37.00
09.08.2021 09:39:28.623,37.00
09.08.2021 09:39:30.289,37.00
09.08.2021 09:39:30.603,37.00
09.08.2021 09:39:30.829,37.00
09.08.2021 09:39:31.616,37.00
09.08.2021 09:39:32.636,37.00
09.08.2021 09:39:33.693,37.00
09.08.2021 09:39:33.927,36.00
09.08.2021 09:39:34.711,36.00
09.08.2021 09:39:35.640,34.00
09.08.2021 09:39:35.869,34.00
09.08.2021 09:39:36.633,34.00
09.08.2021 09:39:36.859,37.00
09.08.2021 09:39:37.623,37.00
09.08.2021 09:39:37.848,37.00
09.08.2021 09:39:38.673,37.00
09.08.2021 09:39:38.900,37.00
09.08.2021 09:39:39.619,37.00
09.08.2021 09:39:40.672,37.00
09.08.2021 09:39:41.667,36.00
09.08.2021 09:39:42.662,36.00
09.08.2021 09:39:43.622,37.00
09.08.2021 09:39:43.848,37.00
09.08.2021 09:39:44.671,37.00
09.08.2021 09:39:45.633,37.00
09.08.2021 09:39:45.859,37.00
09.08.2021 09:39:46.620,37.00
09.08.2021 09:39:47.673,37.00
09.08.2021 09:39:48.633,37.00
09.08.2021 09:39:49.623,37.00
09.08.2021 09:39:50.673,37.00
09.08.2021 09:39:51.633,37.00
09.08.2021 09:39:52.623,37.00
09.08.2021 09:39:53.670,37.00
09.08.2021 09:39:53.898,37.00
09.08.2021 09:39:54.632,37.00
09.08.2021 09:39:54.861,37.00
09.08.2021 09:39:55.653,37.00
09.08.2021 09:39:55.881,37.00
09.08.2021 09:39:56.703,37.00
09.08.2021 09:39:56.934,37.00
09.08.2021 09:39:57.693,37.00
09.08.2021 09:39:57.918,37.00
09.08.2021 09:39:58.617,37.00
09.08.2021 09:39:59.703,37.00
09.08.2021 09:39:59.913,37.00
09.08.2021 09:40:00.632,37.00
09.08.2021 09:40:00.857,37.00
09.08.2021 09:40:01.623,37.00
09.08.2021 09:40:01.847,37.00
09.08.2021 09:40:02.703,37.00
09.08.2021 09:40:02.929,37.00
09.08.2021 09:40:03.663,37.00
09.08.2021 09:40:04.653,37.00
09.08.2021 09:40:04.876,37.00
09.08.2021 09:40:05.702,37.00
09.08.2021 09:40:05.928,37.00
09.08.2021 09:40:06.632,37.00
09.08.2021 09:40:07.653,37.00
09.08.2021 09:40:08.642,37.00
09.08.2021 09:40:09.633,37.00
09.08.2021 09:40:10.653,37.00
09.08.2021 09:40:11.643,37.00
09.08.2021 09:40:11.874,37.00
09.08.2021 09:40:12.663,37.00
09.08.2021 09:40:12.887,37.00
09.08.2021 09:40:13.649,37.00
09.08.2021 09:40:14.640,37.00
09.08.2021 09:40:15.663,37.00
09.08.2021 09:40:16.653,37.00
09.08.2021 09:40:16.878,37.00
09.08.2021 09:40:17.673,37.00
09.08.2021 09:40:18.660,37.00
09.08.2021 09:40:18.888,37.00
09.08.2021 09:40:19.653,37.00
09.08.2021 09:40:19.878,37.00
09.08.2021 09:40:20.731,37.00
09.08.2021 09:40:20.994,37.00
09.08.2021 09:40:21.676,37.00
09.08.2021 09:40:22.612,37.00
09.08.2021 09:40:23.599,37.00
09.08.2021 09:40:24.600,37.00
09.08.2021 09:40:25.706,37.00
09.08.2021 09:40:26.612,37.00
09.08.2021 09:40:27.602,37.00
09.08.2021 09:40:28.620,37.00
09.08.2021 09:40:29.607,37.00
09.08.2021 09:40:30.600,37.00
09.08.2021 09:40:31.619,37.00
09.08.2021 09:40:32.610,37.00
09.08.2021 09:40:33.603,37.00
09.08.2021 09:40:34.623,37.00
09.08.2021 09:40:35.613,37.00
09.08.2021 09:40:36.600,37.00
09.08.2021 09:40:37.620,37.00
09.08.2021 09:40:38.610,37.00
09.08.2021 09:40:39.603,37.00
09.08.2021 09:40:40.623,37.00
09.08.2021 09:40:41.612,37.00
09.08.2021 09:40:42.599,37.00
09.08.2021 09:40:43.619,37.00
09.08.2021 09:40:44.607,37.00
09.08.2021 09:40:45.598,37.00
09.08.2021 09:40:46.588,37.00
09.08.2021 09:40:47.613,37.00
09.08.2021 09:40:48.604,37.00
09.08.2021 09:40:49.622,37.00
09.08.2021 09:40:50.613,37.00
09.08.2021 09:40:51.602,37.00
09.08.2021 09:40:52.620,37.00
09.08.2021 09:40:53.613,37.00
09.08.2021 09:40:54.602,37.00
09.08.2021 09:40:55.621,36.00
09.08.2021 09:40:56.612,36.00
09.08.2021 09:40:57.600,36.00
09.08.2021 09:40:58.694,36.00
09.08.2021 09:40:59.685,36.00
09.08.2021 09:41:00.676,35.00
09.08.2021 09:41:01.663,35.00
09.08.2021 09:41:02.683,36.00
09.08.2021 09:41:03.676,36.00
09.08.2021 09:41:04.696,36.00
09.08.2021 09:41:05.688,36.00
09.08.2021 09:41:05.897,36.00
09.08.2021 09:41:06.677,36.00
09.08.2021 09:41:07.696,37.00
09.08.2021 09:41:08.687,37.00
09.08.2021 09:41:09.678,37.00
09.08.2021 09:41:10.694,37.00
09.08.2021 09:41:11.686,37.00
09.08.2021 09:41:12.675,37.00
09.08.2021 09:41:13.697,37.00
09.08.2021 09:41:14.685,37.00
09.08.2021 09:41:15.677,37.00
09.08.2021 09:41:16.697,37.00
09.08.2021 09:41:17.681,37.00
09.08.2021 09:41:18.675,37.00
09.08.2021 09:41:20.112,37.00
09.08.2021 09:41:20.684,37.00
09.08.2021 09:41:21.674,37.00
09.08.2021 09:41:22.698,37.00
09.08.2021 09:41:23.683,37.00
09.08.2021 09:41:24.673,37.00
09.08.2021 09:41:25.696,37.00
09.08.2021 09:41:26.689,37.00
09.08.2021 09:41:27.675,37.00
09.08.2021 09:41:28.690,37.00
09.08.2021 09:41:29.685,37.00
09.08.2021 09:41:30.677,37.00
09.08.2021 09:41:32.322,37.00
09.08.2021 09:41:32.684,37.00
09.08.2021 09:41:33.677,37.00
09.08.2021 09:41:34.697,37.00
09.08.2021 09:41:35.685,37.00
09.08.2021 09:41:36.677,37.00
09.08.2021 09:41:37.699,37.00
09.08.2021 09:41:38.689,37.00
09.08.2021 09:41:39.676,37.00
09.08.2021 09:41:40.701,37.00
09.08.2021 09:41:41.680,37.00
09.08.2021 09:41:42.670,37.00
09.08.2021 09:41:43.692,37.00
09.08.2021 09:41:44.681,37.00
09.08.2021 09:41:45.674,37.00
09.08.2021 09:41:46.691,37.00
09.08.2021 09:41:47.679,37.00
09.08.2021 09:41:48.669,36.00
09.08.2021 09:41:49.662,36.00
09.08.2021 09:41:50.681,36.00
09.08.2021 09:41:51.673,36.00
09.08.2021 09:41:52.692,36.00
09.08.2021 09:41:53.681,36.00
09.08.2021 09:41:54.672,36.00
09.08.2021 09:41:55.659,36.00
09.08.2021 09:41:56.682,36.00
09.08.2021 09:41:57.668,36.00
09.08.2021 09:41:58.661,36.00
09.08.2021 09:41:59.686,37.00
09.08.2021 09:42:00.672,37.00
09.08.2021 09:42:01.661,36.00
09.08.2021 09:42:02.683,36.00
09.08.2021 09:42:03.673,36.00
09.08.2021 09:42:04.662,36.00
09.08.2021 09:42:05.684,36.00
09.08.2021 09:42:06.673,36.00
09.08.2021 09:42:07.662,35.00
09.08.2021 09:42:08.682,35.00
09.08.2021 09:42:09.672,35.00
09.08.2021 09:42:10.664,35.00
09.08.2021 09:42:11.682,35.00
09.08.2021 09:42:12.674,36.00
09.08.2021 09:42:13.691,36.00
09.08.2021 09:42:14.682,36.00
09.08.2021 09:42:15.673,36.00
09.08.2021 09:42:16.659,36.00
09.08.2021 09:42:17.679,36.00
09.08.2021 09:42:18.670,36.00
09.08.2021 09:42:19.658,36.00
09.08.2021 09:42:20.682,36.00
09.08.2021 09:42:21.673,36.00
09.08.2021 09:42:22.692,36.00
09.08.2021 09:42:23.679,36.00
09.08.2021 09:42:24.672,36.00
09.08.2021 09:42:25.662,36.00
09.08.2021 09:42:26.683,36.00
09.08.2021 09:42:27.673,36.00
09.08.2021 09:42:28.662,36.00
09.08.2021 09:42:29.681,36.00
09.08.2021 09:42:30.672,36.00
09.08.2021 09:42:31.662,36.00
09.08.2021 09:42:32.681,36.00
09.08.2021 09:42:33.672,36.00
09.08.2021 09:42:34.664,36.00
09.08.2021 09:42:35.682,35.00
09.08.2021 09:42:36.677,35.00
09.08.2021 09:42:37.663,35.00
09.08.2021 09:42:38.683,35.00
09.08.2021 09:42:39.672,35.00
09.08.2021 09:42:40.663,35.00
09.08.2021 09:42:41.682,35.00
09.08.2021 09:42:42.672,35.00
09.08.2021 09:42:43.658,35.00
09.08.2021 09:42:44.678,36.00
09.08.2021 09:42:45.669,36.00
09.08.2021 09:42:46.659,36.00
09.08.2021 09:42:47.679,36.00
09.08.2021 09:42:48.673,36.00
09.08.2021 09:42:49.657,36.00
09.08.2021 09:42:50.681,36.00
09.08.2021 09:42:51.670,36.00
09.08.2021 09:42:52.660,35.00
09.08.2021 09:42:53.678,35.00
09.08.2021 09:42:54.669,35.00
09.08.2021 09:42:55.688,35.00
09.08.2021 09:42:56.680,35.00
09.08.2021 09:42:57.673,35.00
09.08.2021 09:42:58.663,35.00
09.08.2021 09:42:59.681,35.00
09.08.2021 09:43:00.670,35.00
09.08.2021 09:43:01.660,35.00
09.08.2021 09:43:02.680,35.00
09.08.2021 09:43:03.674,36.00
09.08.2021 09:43:04.663,36.00
09.08.2021 09:43:05.682,36.00
09.08.2021 09:43:06.672,36.00
09.08.2021 09:43:07.662,36.00
09.08.2021 09:43:08.682,35.00
09.08.2021 09:43:09.673,35.00
09.08.2021 09:43:10.662,35.00
09.08.2021 09:43:11.683,35.00
09.08.2021 09:43:12.672,35.00
09.08.2021 09:43:13.662,36.00
09.08.2021 09:43:14.683,36.00
09.08.2021 09:43:15.674,35.00
09.08.2021 09:43:16.663,35.00
09.08.2021 09:43:17.683,35.00
09.08.2021 09:43:18.673,35.00
09.08.2021 09:43:19.663,35.00
09.08.2021 09:43:20.683,35.00
09.08.2021 09:43:21.673,35.00
09.08.2021 09:43:22.693,36.00
09.08.2021 09:43:23.683,36.00
09.08.2021 09:43:24.674,36.00
09.08.2021 09:43:25.663,36.00
09.08.2021 09:43:26.684,35.00
09.08.2021 09:43:27.674,35.00
09.08.2021 09:43:28.663,35.00
09.08.2021 09:43:29.683,35.00
09.08.2021 09:43:30.673,36.00
09.08.2021 09:43:31.663,36.00
09.08.2021 09:43:32.684,36.00
09.08.2021 09:43:33.672,36.00
09.08.2021 09:43:34.664,36.00
09.08.2021 09:43:35.683,36.00
09.08.2021 09:43:35.895,35.00
09.08.2021 09:43:36.673,35.00
09.08.2021 09:43:37.664,35.00
09.08.2021 09:43:38.684,35.00
09.08.2021 09:43:39.669,36.00
09.08.2021 09:43:40.664,36.00
09.08.2021 09:43:41.683,36.00
09.08.2021 09:43:42.674,36.00
09.08.2021 09:43:43.667,36.00
09.08.2021 09:43:44.684,36.00
09.08.2021 09:43:45.672,36.00
09.08.2021 09:43:46.664,36.00
09.08.2021 09:43:47.683,36.00
09.08.2021 09:43:48.673,36.00
09.08.2021 09:43:49.666,36.00
09.08.2021 09:43:50.684,36.00
09.08.2021 09:43:51.673,35.00
09.08.2021 09:43:52.663,35.00
09.08.2021 09:43:53.684,35.00
09.08.2021 09:43:54.674,35.00
09.08.2021 09:43:55.664,35.00
09.08.2021 09:43:56.684,35.00
09.08.2021 09:43:57.673,35.00
09.08.2021 09:43:58.664,35.00
09.08.2021 09:43:59.683,35.00
09.08.2021 09:44:00.670,35.00
09.08.2021 09:44:01.664,35.00
09.08.2021 09:44:02.684,36.00
09.08.2021 09:44:03.674,36.00
09.08.2021 09:44:04.664,36.00
09.08.2021 09:44:05.684,35.00
09.08.2021 09:44:06.673,36.00
09.08.2021 09:44:07.661,36.00
09.08.2021 09:44:08.682,36.00
09.08.2021 09:44:09.673,35.00
09.08.2021 09:44:10.665,35.00
09.08.2021 09:44:11.684,35.00
09.08.2021 09:44:12.673,35.00
09.08.2021 09:44:13.665,35.00
09.08.2021 09:44:14.684,35.00
09.08.2021 09:44:15.673,34.00
09.08.2021 09:44:16.664,35.00
09.08.2021 09:44:17.685,35.00
09.08.2021 09:44:18.675,35.00
09.08.2021 09:44:19.660,35.00
09.08.2021 09:44:20.687,35.00
09.08.2021 09:44:21.674,35.00
09.08.2021 09:44:22.662,35.00
09.08.2021 09:44:23.684,35.00
09.08.2021 09:44:24.671,35.00
09.08.2021 09:44:25.664,35.00
09.08.2021 09:44:26.684,35.00
09.08.2021 09:44:27.674,35.00
09.08.2021 09:44:28.663,35.00
09.08.2021 09:44:29.683,35.00
09.08.2021 09:44:30.672,35.00
09.08.2021 09:44:31.661,35.00
09.08.2021 09:44:32.681,35.00
09.08.2021 09:44:33.673,35.00
09.08.2021 09:44:34.664,35.00
09.08.2021 09:44:35.686,35.00
09.08.2021 09:44:36.674,35.00
09.08.2021 09:44:37.668,35.00
09.08.2021 09:44:38.683,35.00
09.08.2021 09:44:39.674,35.00
09.08.2021 09:44:40.663,35.00
09.08.2021 09:44:41.684,34.00
09.08.2021 09:44:42.673,34.00
09.08.2021 09:44:43.661,34.00
09.08.2021 09:44:44.683,34.00
09.08.2021 09:44:45.668,34.00
09.08.2021 09:44:46.658,33.00
09.08.2021 09:44:47.680,33.00
09.08.2021 09:44:48.674,34.00
09.08.2021 09:44:49.663,35.00
09.08.2021 09:44:50.685,35.00
09.08.2021 09:44:51.673,35.00
09.08.2021 09:44:52.664,35.00
09.08.2021 09:44:53.684,35.00
09.08.2021 09:44:54.674,35.00
09.08.2021 09:44:55.662,35.00
09.08.2021 09:44:56.685,35.00
09.08.2021 09:44:57.673,35.00
09.08.2021 09:44:58.662,35.00
09.08.2021 09:44:59.685,35.00
09.08.2021 09:45:00.669,35.00
09.08.2021 09:45:01.664,35.00
09.08.2021 09:45:02.683,35.00
09.08.2021 09:45:03.675,34.00
09.08.2021 09:45:04.663,34.00
09.08.2021 09:45:05.683,34.00
09.08.2021 09:45:06.673,34.00
09.08.2021 09:45:07.694,34.00
09.08.2021 09:45:08.681,35.00
09.08.2021 09:45:09.672,35.00
09.08.2021 09:45:10.661,35.00
09.08.2021 09:45:11.683,35.00
09.08.2021 09:45:12.673,35.00
09.08.2021 09:45:13.663,35.00
09.08.2021 09:45:14.683,35.00
09.08.2021 09:45:15.670,35.00
09.08.2021 09:45:16.662,35.00
09.08.2021 09:45:17.683,35.00
09.08.2021 09:45:18.674,35.00
09.08.2021 09:45:19.664,35.00
09.08.2021 09:45:20.681,35.00
09.08.2021 09:45:21.674,35.00
09.08.2021 09:45:22.665,35.00
09.08.2021 09:45:23.684,35.00
09.08.2021 09:45:24.673,35.00
09.08.2021 09:45:25.665,35.00
09.08.2021 09:45:26.683,35.00
09.08.2021 09:45:27.674,34.00
09.08.2021 09:45:28.665,34.00
09.08.2021 09:45:29.684,34.00
09.08.2021 09:45:30.675,34.00
09.08.2021 09:45:31.666,34.00
09.08.2021 09:45:32.685,34.00
09.08.2021 09:45:33.672,34.00
09.08.2021 09:45:34.665,34.00
09.08.2021 09:45:35.685,34.00
09.08.2021 09:45:36.673,34.00
09.08.2021 09:45:37.665,35.00
09.08.2021 09:45:38.685,35.00
09.08.2021 09:45:39.675,35.00
09.08.2021 09:45:40.666,35.00
09.08.2021 09:45:41.685,34.00
09.08.2021 09:45:42.676,34.00
09.08.2021 09:45:43.665,34.00
09.08.2021 09:45:44.685,34.00
09.08.2021 09:45:45.676,34.00
09.08.2021 09:45:46.662,34.00
09.08.2021 09:45:47.682,34.00
09.08.2021 09:45:48.672,34.00
09.08.2021 09:45:49.666,34.00
09.08.2021 09:45:50.685,34.00
09.08.2021 09:45:51.676,33.00
09.08.2021 09:45:52.696,34.00
09.08.2021 09:45:53.685,34.00
09.08.2021 09:45:54.675,34.00
09.08.2021 09:45:55.666,34.00
09.08.2021 09:45:56.686,34.00
09.08.2021 09:45:57.676,34.00
09.08.2021 09:45:58.664,33.00
09.08.2021 09:45:59.685,33.00
09.08.2021 09:46:00.676,33.00
09.08.2021 09:46:01.664,34.00
09.08.2021 09:46:02.685,34.00
09.08.2021 09:46:03.675,34.00
09.08.2021 09:46:04.666,35.00
09.08.2021 09:46:05.686,35.00
09.08.2021 09:46:06.676,35.00
09.08.2021 09:46:07.666,35.00
09.08.2021 09:46:08.686,35.00
09.08.2021 09:46:09.676,35.00
09.08.2021 09:46:10.665,35.00
09.08.2021 09:46:11.687,35.00
09.08.2021 09:46:12.676,35.00
09.08.2021 09:46:13.666,34.00
09.08.2021 09:46:14.686,34.00
09.08.2021 09:46:15.673,34.00
09.08.2021 09:46:16.665,34.00
09.08.2021 09:46:17.686,33.00
09.08.2021 09:46:18.677,33.00
09.08.2021 09:46:19.666,34.00
09.08.2021 09:46:20.686,34.00
09.08.2021 09:46:21.678,34.00
09.08.2021 09:46:22.667,34.00
09.08.2021 09:46:23.687,34.00
09.08.2021 09:46:24.678,34.00
09.08.2021 09:46:25.667,34.00
09.08.2021 09:46:26.687,34.00
09.08.2021 09:46:27.678,34.00
09.08.2021 09:46:28.668,34.00
09.08.2021 09:46:29.686,34.00
09.08.2021 09:46:30.678,34.00
09.08.2021 09:46:31.668,34.00
09.08.2021 09:46:32.688,34.00
09.08.2021 09:46:33.673,34.00
09.08.2021 09:46:34.668,34.00
09.08.2021 09:46:35.687,34.00
09.08.2021 09:46:36.676,34.00
09.08.2021 09:46:37.668,34.00
09.08.2021 09:46:38.687,34.00
09.08.2021 09:46:39.677,34.00
09.08.2021 09:46:40.667,34.00
09.08.2021 09:46:41.688,34.00
09.08.2021 09:46:42.677,34.00
09.08.2021 09:46:43.667,34.00
09.08.2021 09:46:44.687,34.00
09.08.2021 09:46:45.674,34.00
09.08.2021 09:46:46.666,34.00
09.08.2021 09:46:47.687,34.00
09.08.2021 09:46:48.677,34.00
09.08.2021 09:46:49.668,34.00
09.08.2021 09:46:50.687,34.00
09.08.2021 09:46:51.677,34.00
09.08.2021 09:46:52.669,34.00
09.08.2021 09:46:53.687,34.00
09.08.2021 09:46:54.677,34.00
09.08.2021 09:46:55.667,34.00
09.08.2021 09:46:56.686,34.00
09.08.2021 09:46:57.678,34.00
09.08.2021 09:46:58.668,34.00
09.08.2021 09:46:59.687,34.00
09.08.2021 09:47:00.671,34.00
09.08.2021 09:47:01.668,34.00
09.08.2021 09:47:02.686,34.00
09.08.2021 09:47:03.678,34.00
09.08.2021 09:47:04.667,34.00
09.08.2021 09:47:05.687,34.00
09.08.2021 09:47:06.678,34.00
09.08.2021 09:47:07.667,33.00
09.08.2021 09:47:08.687,33.00
09.08.2021 09:47:09.679,33.00
09.08.2021 09:47:10.668,33.00
09.08.2021 09:47:11.686,34.00
09.08.2021 09:47:12.679,34.00
09.08.2021 09:47:13.667,34.00
09.08.2021 09:47:14.688,34.00
09.08.2021 09:47:15.677,33.00
09.08.2021 09:47:16.668,33.00
09.08.2021 09:47:17.688,33.00
09.08.2021 09:47:18.677,33.00
09.08.2021 09:47:19.668,33.00
09.08.2021 09:47:20.688,34.00
09.08.2021 09:47:21.678,34.00
09.08.2021 09:47:22.668,34.00
09.08.2021 09:47:23.686,34.00
09.08.2021 09:47:24.679,34.00
09.08.2021 09:47:25.667,34.00
09.08.2021 09:47:26.687,34.00
09.08.2021 09:47:27.679,34.00
09.08.2021 09:47:28.667,34.00
09.08.2021 09:47:29.690,34.00
09.08.2021 09:47:30.678,34.00
09.08.2021 09:47:31.668,34.00
09.08.2021 09:47:32.687,34.00
09.08.2021 09:47:33.678,33.00
09.08.2021 09:47:34.664,33.00
09.08.2021 09:47:35.688,33.00
09.08.2021 09:47:36.679,33.00
09.08.2021 09:47:37.669,34.00
09.08.2021 09:47:38.689,34.00
09.08.2021 09:47:39.680,34.00
09.08.2021 09:47:40.669,34.00
09.08.2021 09:47:41.688,34.00
09.08.2021 09:47:42.681,34.00
09.08.2021 09:47:43.670,34.00
09.08.2021 09:47:44.689,34.00
09.08.2021 09:47:45.676,34.00
09.08.2021 09:47:46.670,34.00
09.08.2021 09:47:47.690,34.00
09.08.2021 09:47:48.680,34.00
09.08.2021 09:47:49.670,34.00
09.08.2021 09:47:50.691,34.00
09.08.2021 09:47:51.680,34.00
09.08.2021 09:47:52.670,33.00
09.08.2021 09:47:53.691,33.00
09.08.2021 09:47:54.680,33.00
09.08.2021 09:47:55.669,34.00
09.08.2021 09:47:56.690,34.00
09.08.2021 09:47:57.679,34.00
09.08.2021 09:47:58.669,34.00
09.08.2021 09:47:59.687,34.00
09.08.2021 09:48:00.677,34.00
09.08.2021 09:48:01.669,34.00
09.08.2021 09:48:02.691,34.00
09.08.2021 09:48:03.680,34.00
09.08.2021 09:48:04.667,34.00
09.08.2021 09:48:05.690,34.00
09.08.2021 09:48:06.679,34.00
09.08.2021 09:48:07.670,34.00
09.08.2021 09:48:08.689,34.00
09.08.2021 09:48:09.681,34.00
09.08.2021 09:48:10.670,34.00
09.08.2021 09:48:11.689,34.00
09.08.2021 09:48:12.681,34.00
09.08.2021 09:48:13.669,34.00
09.08.2021 09:48:14.688,34.00
09.08.2021 09:48:15.680,33.00
09.08.2021 09:48:16.671,33.00
09.08.2021 09:48:17.689,33.00
09.08.2021 09:48:18.681,34.00
09.08.2021 09:48:19.670,34.00
09.08.2021 09:48:20.690,33.00
09.08.2021 09:48:21.681,33.00
09.08.2021 09:48:22.672,33.00
09.08.2021 09:48:23.690,33.00
09.08.2021 09:48:24.681,33.00
09.08.2021 09:48:25.670,33.00
09.08.2021 09:48:26.691,33.00
09.08.2021 09:48:27.681,33.00
09.08.2021 09:48:28.671,33.00
09.08.2021 09:48:29.689,33.00
09.08.2021 09:48:30.680,33.00
09.08.2021 09:48:31.671,33.00
09.08.2021 09:48:32.691,33.00
09.08.2021 09:48:33.681,33.00
09.08.2021 09:48:34.670,33.00
09.08.2021 09:48:35.691,33.00
09.08.2021 09:48:36.681,33.00
09.08.2021 09:48:37.670,33.00
09.08.2021 09:48:38.691,33.00
09.08.2021 09:48:39.681,33.00
09.08.2021 09:48:40.670,33.00
09.08.2021 09:48:41.690,33.00
09.08.2021 09:48:42.680,33.00
09.08.2021 09:48:43.667,32.00
09.08.2021 09:48:44.687,33.00
09.08.2021 09:48:45.676,33.00
09.08.2021 09:48:46.670,34.00
09.08.2021 09:48:47.690,34.00
09.08.2021 09:48:48.681,34.00
09.08.2021 09:48:49.670,34.00
09.08.2021 09:48:50.691,34.00
09.08.2021 09:48:51.681,33.00
09.08.2021 09:48:52.670,33.00
09.08.2021 09:48:53.691,33.00
09.08.2021 09:48:54.681,33.00
09.08.2021 09:48:55.673,32.00
09.08.2021 09:48:56.690,32.00
09.08.2021 09:48:57.681,32.00
09.08.2021 09:48:58.672,32.00
09.08.2021 09:48:59.691,32.00
09.08.2021 09:49:00.680,32.00
09.08.2021 09:49:01.672,32.00
09.08.2021 09:49:02.692,33.00
09.08.2021 09:49:03.681,33.00
09.08.2021 09:49:04.668,34.00
09.08.2021 09:49:05.691,34.00
09.08.2021 09:49:06.680,34.00
09.08.2021 09:49:07.671,34.00
09.08.2021 09:49:08.692,34.00
09.08.2021 09:49:09.682,33.00
09.08.2021 09:49:10.670,33.00
09.08.2021 09:49:11.692,32.00
09.08.2021 09:49:12.681,31.00
09.08.2021 09:49:13.671,31.00
09.08.2021 09:49:14.692,33.00
09.08.2021 09:49:15.677,33.00
09.08.2021 09:49:16.671,33.00
09.08.2021 09:49:17.692,33.00
09.08.2021 09:49:18.681,33.00
09.08.2021 09:49:19.671,33.00
09.08.2021 09:49:20.692,33.00
09.08.2021 09:49:21.680,33.00
09.08.2021 09:49:22.672,33.00
09.08.2021 09:49:23.691,33.00
09.08.2021 09:49:24.682,33.00
09.08.2021 09:49:25.671,32.00
09.08.2021 09:49:26.691,32.00
09.08.2021 09:49:27.681,33.00
09.08.2021 09:49:28.672,33.00
09.08.2021 09:49:29.690,33.00
09.08.2021 09:49:30.680,33.00
09.08.2021 09:49:31.671,32.00
09.08.2021 09:49:32.691,31.00
09.08.2021 09:49:33.680,31.00
09.08.2021 09:49:34.673,32.00
09.08.2021 09:49:35.692,33.00
09.08.2021 09:49:36.682,33.00
09.08.2021 09:49:37.671,33.00
09.08.2021 09:49:38.691,33.00
09.08.2021 09:49:39.679,33.00
09.08.2021 09:49:40.672,33.00
09.08.2021 09:49:41.692,33.00
09.08.2021 09:49:42.682,33.00
09.08.2021 09:49:43.671,33.00
09.08.2021 09:49:44.693,33.00
09.08.2021 09:49:45.682,33.00
09.08.2021 09:49:46.673,33.00
09.08.2021 09:49:47.695,33.00
09.08.2021 09:49:48.682,33.00
09.08.2021 09:49:49.672,33.00
09.08.2021 09:49:50.692,33.00
09.08.2021 09:49:51.682,33.00
09.08.2021 09:49:52.672,33.00
09.08.2021 09:49:53.693,33.00
09.08.2021 09:49:54.684,33.00
09.08.2021 09:49:55.671,33.00
09.08.2021 09:49:56.692,32.00
09.08.2021 09:49:57.687,32.00
09.08.2021 09:49:58.673,32.00
09.08.2021 09:49:59.692,32.00
09.08.2021 09:50:00.680,32.00
09.08.2021 09:50:01.671,32.00
09.08.2021 09:50:02.693,32.00
09.08.2021 09:50:03.683,33.00
09.08.2021 09:50:04.672,33.00
09.08.2021 09:50:05.690,33.00
09.08.2021 09:50:06.682,33.00
09.08.2021 09:50:07.673,33.00
09.08.2021 09:50:08.692,32.00
09.08.2021 09:50:09.682,32.00
09.08.2021 09:50:10.673,32.00
09.08.2021 09:50:11.692,32.00
09.08.2021 09:50:12.682,31.00
09.08.2021 09:50:13.673,31.00
09.08.2021 09:50:14.693,31.00
09.08.2021 09:50:15.683,32.00
09.08.2021 09:50:16.674,33.00
09.08.2021 09:50:17.693,33.00
09.08.2021 09:50:18.683,33.00
09.08.2021 09:50:19.672,33.00
09.08.2021 09:50:20.693,33.00
09.08.2021 09:50:21.682,33.00
09.08.2021 09:50:22.675,33.00
09.08.2021 09:50:23.693,32.00
09.08.2021 09:50:24.682,31.00
09.08.2021 09:50:25.673,30.00
09.08.2021 09:50:26.694,30.00
09.08.2021 09:50:27.685,31.00
09.08.2021 09:50:28.670,32.00
09.08.2021 09:50:29.694,32.00
09.08.2021 09:50:30.683,33.00
09.08.2021 09:50:31.674,33.00
09.08.2021 09:50:32.695,32.00
09.08.2021 09:50:33.684,31.00
09.08.2021 09:50:34.671,32.00
09.08.2021 09:50:35.693,32.00
09.08.2021 09:50:36.680,32.00
09.08.2021 09:50:37.673,32.00
09.08.2021 09:50:38.696,32.00
09.08.2021 09:50:39.682,32.00
09.08.2021 09:50:40.672,33.00
09.08.2021 09:50:41.690,33.00
09.08.2021 09:50:42.679,32.00
09.08.2021 09:50:43.674,31.00
09.08.2021 09:50:44.693,30.00
09.08.2021 09:50:45.679,30.00
09.08.2021 09:50:46.673,31.00
09.08.2021 09:50:47.690,32.00
09.08.2021 09:50:48.681,32.00
09.08.2021 09:50:49.674,33.00
09.08.2021 09:50:50.690,33.00
09.08.2021 09:50:51.683,33.00
09.08.2021 09:50:52.675,32.00
09.08.2021 09:50:53.690,32.00
09.08.2021 09:50:54.684,32.00
09.08.2021 09:50:55.675,32.00
09.08.2021 09:50:56.692,32.00
09.08.2021 09:50:57.684,32.00
09.08.2021 09:50:58.674,32.00
09.08.2021 09:50:59.694,30.00
09.08.2021 09:51:00.683,30.00
09.08.2021 09:51:01.675,31.00
09.08.2021 09:51:02.694,32.00
09.08.2021 09:51:03.684,32.00
09.08.2021 09:51:04.673,32.00
09.08.2021 09:51:05.690,32.00
09.08.2021 09:51:06.684,32.00
09.08.2021 09:51:07.674,32.00
09.08.2021 09:51:08.694,32.00
09.08.2021 09:51:09.684,33.00
09.08.2021 09:51:10.674,32.00
09.08.2021 09:51:11.694,32.00
09.08.2021 09:51:12.683,32.00
09.08.2021 09:51:13.676,32.00
09.08.2021 09:51:14.693,32.00
09.08.2021 09:51:15.685,32.00
09.08.2021 09:51:16.673,32.00
09.08.2021 09:51:17.696,32.00
09.08.2021 09:51:18.684,32.00
09.08.2021 09:51:19.674,32.00
09.08.2021 09:51:20.696,32.00
09.08.2021 09:51:21.687,32.00
09.08.2021 09:51:22.732,32.00
09.08.2021 09:51:23.694,32.00
09.08.2021 09:51:24.683,31.00
09.08.2021 09:51:25.674,31.00
09.08.2021 09:51:26.694,32.00
09.08.2021 09:51:27.687,32.00
09.08.2021 09:51:28.673,32.00
09.08.2021 09:51:29.696,31.00
09.08.2021 09:51:30.684,30.00
09.08.2021 09:51:31.673,30.00
09.08.2021 09:51:32.693,29.00
09.08.2021 09:51:33.683,30.00
09.08.2021 09:51:34.673,32.00
09.08.2021 09:51:35.693,32.00
09.08.2021 09:51:36.681,32.00
09.08.2021 09:51:37.674,32.00
09.08.2021 09:51:38.694,32.00
09.08.2021 09:51:39.685,32.00
09.08.2021 09:51:40.673,32.00
09.08.2021 09:51:41.693,32.00
09.08.2021 09:51:42.683,32.00
09.08.2021 09:51:43.674,32.00
09.08.2021 09:51:44.694,31.00
09.08.2021 09:51:45.683,31.00
09.08.2021 09:51:46.674,31.00
09.08.2021 09:51:47.695,31.00
09.08.2021 09:51:48.683,31.00
09.08.2021 09:51:49.675,31.00
09.08.2021 09:51:50.695,31.00
09.08.2021 09:51:51.684,31.00
09.08.2021 09:51:52.674,31.00
09.08.2021 09:51:53.695,30.00
09.08.2021 09:51:54.684,30.00
09.08.2021 09:51:55.674,30.00
09.08.2021 09:51:56.694,31.00
09.08.2021 09:51:57.684,32.00
09.08.2021 09:51:58.674,32.00
09.08.2021 09:51:59.695,32.00
09.08.2021 09:52:00.685,31.00
09.08.2021 09:52:01.675,30.00
09.08.2021 09:52:02.694,29.00
09.08.2021 09:52:03.687,29.00
09.08.2021 09:52:04.674,29.00
09.08.2021 09:52:05.694,30.00
09.08.2021 09:52:06.684,31.00
09.08.2021 09:52:07.675,31.00
09.08.2021 09:52:08.695,32.00
09.08.2021 09:52:09.683,32.00
09.08.2021 09:52:10.675,32.00
09.08.2021 09:52:11.694,32.00
09.08.2021 09:52:12.685,32.00
09.08.2021 09:52:13.672,32.00
09.08.2021 09:52:14.691,32.00
09.08.2021 09:52:15.682,32.00
09.08.2021 09:52:16.672,32.00
09.08.2021 09:52:17.694,32.00
09.08.2021 09:52:18.685,32.00
09.08.2021 09:52:19.675,32.00
09.08.2021 09:52:20.692,31.00
09.08.2021 09:52:21.686,30.00
09.08.2021 09:52:22.675,29.00
09.08.2021 09:52:23.695,29.00
09.08.2021 09:52:24.686,29.00
09.08.2021 09:52:25.675,29.00
09.08.2021 09:52:26.696,29.00
09.08.2021 09:52:27.685,29.00
09.08.2021 09:52:28.676,30.00
09.08.2021 09:52:29.695,30.00
09.08.2021 09:52:30.686,30.00
09.08.2021 09:52:31.672,30.00
09.08.2021 09:52:32.668,30.00
09.08.2021 09:52:33.686,30.00
09.08.2021 09:52:34.675,30.00
09.08.2021 09:52:35.696,31.00
09.08.2021 09:52:36.682,31.00
09.08.2021 09:52:37.675,31.00
09.08.2021 09:52:38.696,31.00
09.08.2021 09:52:39.685,31.00
09.08.2021 09:52:40.675,31.00
09.08.2021 09:52:41.696,31.00
09.08.2021 09:52:42.686,31.00
09.08.2021 09:52:43.675,31.00
09.08.2021 09:52:44.696,31.00
09.08.2021 09:52:45.686,31.00
09.08.2021 09:52:46.675,31.00
09.08.2021 09:52:47.696,31.00
09.08.2021 09:52:48.686,31.00
09.08.2021 09:52:49.676,31.00
09.08.2021 09:52:50.695,31.00
09.08.2021 09:52:51.687,31.00
09.08.2021 09:52:52.676,31.00
09.08.2021 09:52:53.695,31.00
09.08.2021 09:52:54.686,31.00
09.08.2021 09:52:55.676,31.00
09.08.2021 09:52:56.696,30.00
09.08.2021 09:52:57.686,30.00
09.08.2021 09:52:58.676,29.00
09.08.2021 09:52:59.696,30.00
09.08.2021 09:53:00.686,31.00
09.08.2021 09:53:01.676,30.00
09.08.2021 09:53:02.697,30.00
09.08.2021 09:53:03.685,29.00
09.08.2021 09:53:04.676,28.00
09.08.2021 09:53:05.696,28.00
09.08.2021 09:53:06.687,30.00
09.08.2021 09:53:07.676,30.00
09.08.2021 09:53:08.697,30.00
09.08.2021 09:53:09.688,30.00
09.08.2021 09:53:10.677,31.00
09.08.2021 09:53:11.698,31.00
09.08.2021 09:53:12.688,31.00
09.08.2021 09:53:13.677,31.00
09.08.2021 09:53:14.697,31.00
09.08.2021 09:53:15.688,31.00
09.08.2021 09:53:16.676,31.00
09.08.2021 09:53:17.696,30.00
09.08.2021 09:53:18.686,29.00
09.08.2021 09:53:19.676,28.00
09.08.2021 09:53:20.698,28.00
09.08.2021 09:53:21.687,28.00
09.08.2021 09:53:22.678,29.00
09.08.2021 09:53:23.696,30.00
09.08.2021 09:53:24.688,30.00
09.08.2021 09:53:25.677,29.00
09.08.2021 09:53:26.697,29.00
09.08.2021 09:53:27.689,30.00
09.08.2021 09:53:28.681,31.00
09.08.2021 09:53:29.697,31.00
09.08.2021 09:53:30.688,31.00
09.08.2021 09:53:31.679,31.00
09.08.2021 09:53:32.697,31.00
09.08.2021 09:53:33.689,31.00
09.08.2021 09:53:34.679,31.00
09.08.2021 09:53:35.698,31.00
09.08.2021 09:53:36.688,31.00
09.08.2021 09:53:37.676,31.00
09.08.2021 09:53:38.698,31.00
09.08.2021 09:53:39.690,31.00
09.08.2021 09:53:40.678,30.00
09.08.2021 09:53:41.697,29.00
09.08.2021 09:53:42.687,28.00
09.08.2021 09:53:43.678,28.00
09.08.2021 09:53:44.700,28.00
09.08.2021 09:53:45.688,29.00
09.08.2021 09:53:46.677,30.00
09.08.2021 09:53:47.699,30.00
09.08.2021 09:53:48.689,30.00
09.08.2021 09:53:49.677,30.00
09.08.2021 09:53:50.700,30.00
09.08.2021 09:53:51.687,30.00
09.08.2021 09:53:52.737,30.00
09.08.2021 09:53:53.699,30.00
09.08.2021 09:53:54.689,30.00
09.08.2021 09:53:55.677,30.00
09.08.2021 09:53:56.699,30.00
09.08.2021 09:53:56.939,30.00
09.08.2021 09:53:57.688,30.00
09.08.2021 09:53:58.678,30.00
09.08.2021 09:53:59.699,30.00
09.08.2021 09:54:00.689,31.00
09.08.2021 09:54:01.678,31.00
09.08.2021 09:54:02.698,31.00
09.08.2021 09:54:03.689,30.00
09.08.2021 09:54:04.678,30.00
09.08.2021 09:54:05.698,30.00
09.08.2021 09:54:06.690,30.00
09.08.2021 09:54:07.678,29.00
09.08.2021 09:54:08.699,29.00
09.08.2021 09:54:09.689,29.00
09.08.2021 09:54:10.679,29.00
09.08.2021 09:54:11.698,29.00
09.08.2021 09:54:12.689,28.00
09.08.2021 09:54:13.678,28.00
09.08.2021 09:54:14.699,28.00
09.08.2021 09:54:15.689,29.00
09.08.2021 09:54:16.677,29.00
09.08.2021 09:54:17.699,29.00
09.08.2021 09:54:18.690,30.00
09.08.2021 09:54:19.681,30.00
09.08.2021 09:54:20.701,30.00
09.08.2021 09:54:21.689,30.00
09.08.2021 09:54:22.679,30.00
09.08.2021 09:54:23.700,30.00
09.08.2021 09:54:24.690,30.00
09.08.2021 09:54:25.679,30.00
09.08.2021 09:54:26.699,30.00
09.08.2021 09:54:27.689,30.00
09.08.2021 09:54:28.679,30.00
09.08.2021 09:54:29.699,30.00
09.08.2021 09:54:30.689,29.00
09.08.2021 09:54:31.678,29.00
09.08.2021 09:54:32.700,29.00
09.08.2021 09:54:33.690,30.00
09.08.2021 09:54:34.679,30.00
09.08.2021 09:54:35.699,30.00
09.08.2021 09:54:36.690,30.00
09.08.2021 09:54:37.677,29.00
09.08.2021 09:54:38.669,28.00
09.08.2021 09:54:39.689,27.00
09.08.2021 09:54:40.680,27.00
09.08.2021 09:54:41.699,27.00
09.08.2021 09:54:42.689,27.00
09.08.2021 09:54:43.679,28.00
09.08.2021 09:54:44.699,28.00
09.08.2021 09:54:45.689,29.00
09.08.2021 09:54:46.683,30.00
09.08.2021 09:54:47.700,30.00
09.08.2021 09:54:48.689,30.00
09.08.2021 09:54:49.680,30.00
09.08.2021 09:54:50.699,30.00
09.08.2021 09:54:51.690,30.00
09.08.2021 09:54:52.676,30.00
09.08.2021 09:54:53.699,29.00
09.08.2021 09:54:54.690,28.00
09.08.2021 09:54:55.678,28.00
09.08.2021 09:54:56.700,28.00
09.08.2021 09:54:57.691,28.00
09.08.2021 09:54:58.679,29.00
09.08.2021 09:54:59.696,30.00
09.08.2021 09:55:00.689,30.00
09.08.2021 09:55:01.679,30.00
09.08.2021 09:55:02.696,30.00
09.08.2021 09:55:03.689,30.00
09.08.2021 09:55:04.679,30.00
09.08.2021 09:55:05.697,30.00
09.08.2021 09:55:06.688,30.00
09.08.2021 09:55:07.677,30.00
09.08.2021 09:55:08.696,30.00
09.08.2021 09:55:09.689,30.00
09.08.2021 09:55:10.676,30.00
09.08.2021 09:55:11.699,30.00
09.08.2021 09:55:12.687,30.00
09.08.2021 09:55:13.677,30.00
09.08.2021 09:55:14.698,30.00
09.08.2021 09:55:15.688,30.00
09.08.2021 09:55:16.677,30.00
09.08.2021 09:55:17.700,29.00
09.08.2021 09:55:18.689,29.00
09.08.2021 09:55:19.683,29.00
09.08.2021 09:55:20.699,29.00
09.08.2021 09:55:21.689,29.00
09.08.2021 09:55:22.678,29.00
09.08.2021 09:55:23.700,29.00
09.08.2021 09:55:24.689,29.00
09.08.2021 09:55:25.681,29.00
09.08.2021 09:55:26.699,29.00
09.08.2021 09:55:27.689,29.00
09.08.2021 09:55:28.680,29.00
09.08.2021 09:55:29.700,28.00
09.08.2021 09:55:30.689,28.00
09.08.2021 09:55:31.680,28.00
09.08.2021 09:55:32.697,28.00
09.08.2021 09:55:33.689,29.00
09.08.2021 09:55:34.800,29.00
09.08.2021 09:55:35.702,29.00
09.08.2021 09:55:36.690,29.00
09.08.2021 09:55:37.680,29.00
09.08.2021 09:55:38.699,29.00
09.08.2021 09:55:39.690,29.00
09.08.2021 09:55:40.680,29.00
09.08.2021 09:55:41.700,29.00
09.08.2021 09:55:42.687,29.00
09.08.2021 09:55:43.680,29.00
09.08.2021 09:55:44.700,29.00
09.08.2021 09:55:45.690,29.00
09.08.2021 09:55:46.680,29.00
09.08.2021 09:55:47.700,29.00
09.08.2021 09:55:48.691,29.00
09.08.2021 09:55:49.680,30.00
09.08.2021 09:55:50.700,30.00
09.08.2021 09:55:51.690,29.00
09.08.2021 09:55:52.678,29.00
09.08.2021 09:55:53.700,28.00
09.08.2021 09:55:54.688,28.00
09.08.2021 09:55:55.681,28.00
09.08.2021 09:55:56.700,28.00
09.08.2021 09:55:57.691,27.00
09.08.2021 09:55:58.681,26.00
09.08.2021 09:55:59.701,27.00
09.08.2021 09:56:00.690,29.00
09.08.2021 09:56:01.681,29.00
09.08.2021 09:56:02.696,29.00
09.08.2021 09:56:03.691,29.00
09.08.2021 09:56:04.681,29.00
09.08.2021 09:56:05.701,29.00
09.08.2021 09:56:06.691,29.00
09.08.2021 09:56:07.681,28.00
09.08.2021 09:56:08.668,28.00
09.08.2021 09:56:09.691,28.00
09.08.2021 09:56:10.682,29.00
09.08.2021 09:56:11.702,29.00
09.08.2021 09:56:12.689,28.00
09.08.2021 09:56:13.681,28.00
09.08.2021 09:56:14.701,28.00
09.08.2021 09:56:15.691,29.00
09.08.2021 09:56:16.682,29.00
09.08.2021 09:56:17.701,29.00
09.08.2021 09:56:18.692,28.00
09.08.2021 09:56:19.682,28.00
09.08.2021 09:56:20.701,27.00
09.08.2021 09:56:21.692,27.00
09.08.2021 09:56:22.678,27.00
09.08.2021 09:56:23.702,28.00
09.08.2021 09:56:24.691,29.00
09.08.2021 09:56:25.681,29.00
09.08.2021 09:56:26.702,29.00
09.08.2021 09:56:26.941,29.00
09.08.2021 09:56:27.692,29.00
09.08.2021 09:56:28.681,29.00
09.08.2021 09:56:29.701,29.00
09.08.2021 09:56:30.691,29.00
09.08.2021 09:56:31.682,29.00
09.08.2021 09:56:32.699,28.00
09.08.2021 09:56:33.692,28.00
09.08.2021 09:56:34.682,28.00
09.08.2021 09:56:35.702,29.00
09.08.2021 09:56:36.812,29.00
09.08.2021 09:56:37.685,29.00
09.08.2021 09:56:38.702,29.00
09.08.2021 09:56:39.693,28.00
09.08.2021 09:56:40.684,28.00
09.08.2021 09:56:41.702,28.00
09.08.2021 09:56:42.693,28.00
09.08.2021 09:56:43.683,28.00
09.08.2021 09:56:44.704,28.00
09.08.2021 09:56:45.693,27.00
09.08.2021 09:56:46.684,26.00
09.08.2021 09:56:47.705,27.00
09.08.2021 09:56:48.692,29.00
09.08.2021 09:56:49.683,29.00
09.08.2021 09:56:50.703,29.00
09.08.2021 09:56:51.693,29.00
09.08.2021 09:56:52.683,29.00
09.08.2021 09:56:53.704,29.00
09.08.2021 09:56:54.694,29.00
09.08.2021 09:56:55.683,29.00
09.08.2021 09:56:56.703,29.00
09.08.2021 09:56:57.694,29.00
09.08.2021 09:56:58.683,29.00
09.08.2021 09:56:59.703,29.00
09.08.2021 09:57:00.694,29.00
09.08.2021 09:57:01.683,28.00
09.08.2021 09:57:02.705,28.00
09.08.2021 09:57:03.695,28.00
09.08.2021 09:57:04.684,27.00
09.08.2021 09:57:05.703,27.00
09.08.2021 09:57:06.692,27.00
09.08.2021 09:57:07.682,28.00
09.08.2021 09:57:08.702,28.00
09.08.2021 09:57:09.693,29.00
09.08.2021 09:57:10.684,29.00
09.08.2021 09:57:11.830,29.00
09.08.2021 09:57:12.693,29.00
09.08.2021 09:57:13.684,29.00
09.08.2021 09:57:14.703,28.00
09.08.2021 09:57:15.693,28.00
09.08.2021 09:57:16.683,27.00
09.08.2021 09:57:17.701,27.00
09.08.2021 09:57:17.942,27.00
09.08.2021 09:57:18.693,27.00
09.08.2021 09:57:19.684,25.00
09.08.2021 09:57:20.673,26.00
09.08.2021 09:57:21.694,28.00
09.08.2021 09:57:22.685,28.00
09.08.2021 09:57:23.673,28.00
09.08.2021 09:57:24.694,28.00
09.08.2021 09:57:25.684,28.00
09.08.2021 09:57:26.673,27.00
09.08.2021 09:57:27.695,27.00
09.08.2021 09:57:28.685,28.00
09.08.2021 09:57:29.673,28.00
09.08.2021 09:57:30.695,28.00
09.08.2021 09:57:31.684,28.00
09.08.2021 09:57:32.674,29.00
09.08.2021 09:57:33.694,29.00
09.08.2021 09:57:34.684,29.00
09.08.2021 09:57:35.704,28.00
09.08.2021 09:57:36.696,28.00
09.08.2021 09:57:37.685,28.00
09.08.2021 09:57:38.703,28.00
09.08.2021 09:57:39.693,28.00
09.08.2021 09:57:40.684,28.00
09.08.2021 09:57:41.703,28.00
09.08.2021 09:57:42.693,27.00
09.08.2021 09:57:43.804,26.00
09.08.2021 09:57:44.704,26.00
09.08.2021 09:57:45.693,28.00
09.08.2021 09:57:46.685,28.00
09.08.2021 09:57:47.704,27.00
09.08.2021 09:57:48.694,26.00
09.08.2021 09:57:49.684,27.00
09.08.2021 09:57:50.704,28.00
09.08.2021 09:57:51.693,28.00
09.08.2021 09:57:52.685,28.00
09.08.2021 09:57:53.704,28.00
09.08.2021 09:57:54.695,28.00
09.08.2021 09:57:55.684,28.00
09.08.2021 09:57:56.704,28.00
09.08.2021 09:57:57.695,28.00
09.08.2021 09:57:58.685,28.00
09.08.2021 09:57:59.704,28.00
09.08.2021 09:58:00.695,28.00
09.08.2021 09:58:01.684,28.00
09.08.2021 09:58:02.707,28.00
09.08.2021 09:58:03.695,28.00
09.08.2021 09:58:04.686,27.00
09.08.2021 09:58:05.705,27.00
09.08.2021 09:58:06.694,27.00
09.08.2021 09:58:07.685,27.00
09.08.2021 09:58:08.705,26.00
09.08.2021 09:58:09.692,25.00
09.08.2021 09:58:10.685,25.00
09.08.2021 09:58:11.705,25.00
09.08.2021 09:58:12.695,26.00
09.08.2021 09:58:13.686,26.00
09.08.2021 09:58:14.705,27.00
09.08.2021 09:58:15.695,28.00
09.08.2021 09:58:16.686,28.00
09.08.2021 09:58:17.705,28.00
09.08.2021 09:58:18.696,28.00
09.08.2021 09:58:19.684,28.00
09.08.2021 09:58:20.705,28.00
09.08.2021 09:58:21.696,28.00
09.08.2021 09:58:22.682,28.00
09.08.2021 09:58:23.705,27.00
09.08.2021 09:58:24.696,26.00
09.08.2021 09:58:25.682,27.00
09.08.2021 09:58:26.705,28.00
09.08.2021 09:58:27.695,27.00
09.08.2021 09:58:28.682,26.00
09.08.2021 09:58:29.705,26.00
09.08.2021 09:58:30.693,26.00
09.08.2021 09:58:31.682,26.00
09.08.2021 09:58:32.705,26.00
09.08.2021 09:58:33.692,27.00
09.08.2021 09:58:34.681,28.00
09.08.2021 09:58:35.701,28.00
09.08.2021 09:58:36.692,28.00
09.08.2021 09:58:37.685,27.00
09.08.2021 09:58:38.703,25.00
09.08.2021 09:58:39.692,26.00
09.08.2021 09:58:40.684,26.00
09.08.2021 09:58:41.702,26.00
09.08.2021 09:58:42.693,25.00
09.08.2021 09:58:43.686,25.00
09.08.2021 09:58:44.702,25.00
09.08.2021 09:58:45.696,25.00
09.08.2021 09:58:46.686,26.00
09.08.2021 09:58:47.702,26.00
09.08.2021 09:58:48.696,25.00
09.08.2021 09:58:49.686,25.00
09.08.2021 09:58:50.704,26.00
09.08.2021 09:58:51.785,26.00
09.08.2021 09:58:52.685,26.00
09.08.2021 09:58:53.706,27.00
09.08.2021 09:58:54.697,27.00
09.08.2021 09:58:55.686,27.00
09.08.2021 09:58:56.706,27.00
09.08.2021 09:58:57.697,27.00
09.08.2021 09:58:58.685,28.00
09.08.2021 09:58:59.706,28.00
09.08.2021 09:59:00.696,27.00
09.08.2021 09:59:01.686,26.00
09.08.2021 09:59:02.706,25.00
09.08.2021 09:59:03.696,26.00
09.08.2021 09:59:04.686,27.00
09.08.2021 09:59:05.707,27.00
09.08.2021 09:59:06.697,28.00
09.08.2021 09:59:07.688,27.00
09.08.2021 09:59:08.706,27.00
09.08.2021 09:59:09.695,27.00
09.08.2021 09:59:10.686,26.00
09.08.2021 09:59:11.796,25.00
09.08.2021 09:59:12.697,25.00
09.08.2021 09:59:13.685,26.00
09.08.2021 09:59:14.708,27.00
09.08.2021 09:59:15.697,27.00
09.08.2021 09:59:16.686,27.00
09.08.2021 09:59:17.707,27.00
09.08.2021 09:59:18.697,26.00
09.08.2021 09:59:19.689,26.00
09.08.2021 09:59:20.706,26.00
09.08.2021 09:59:21.698,27.00
09.08.2021 09:59:22.687,27.00
09.08.2021 09:59:23.706,26.00
09.08.2021 09:59:24.698,24.00
09.08.2021 09:59:25.684,24.00
09.08.2021 09:59:26.708,25.00
09.08.2021 09:59:27.697,27.00
09.08.2021 09:59:28.686,27.00
09.08.2021 09:59:29.707,27.00
09.08.2021 09:59:30.697,27.00
09.08.2021 09:59:31.686,27.00
09.08.2021 09:59:32.708,27.00
09.08.2021 09:59:33.696,27.00
09.08.2021 09:59:34.687,26.00
09.08.2021 09:59:35.708,26.00
09.08.2021 09:59:36.697,26.00
09.08.2021 09:59:37.687,26.00
09.08.2021 09:59:38.707,26.00
09.08.2021 09:59:39.693,26.00
09.08.2021 09:59:40.686,26.00
09.08.2021 09:59:41.706,27.00
09.08.2021 09:59:42.697,27.00
09.08.2021 09:59:43.687,27.00
09.08.2021 09:59:44.703,27.00
09.08.2021 09:59:45.690,27.00
09.08.2021 09:59:46.683,27.00
09.08.2021 09:59:47.706,26.00
09.08.2021 09:59:48.697,25.00
09.08.2021 09:59:49.686,25.00
09.08.2021 09:59:50.706,26.00
09.08.2021 09:59:51.697,26.00
09.08.2021 09:59:52.687,26.00
09.08.2021 09:59:53.704,26.00
09.08.2021 09:59:54.697,26.00
09.08.2021 09:59:55.686,26.00
09.08.2021 09:59:56.706,26.00
09.08.2021 09:59:57.697,26.00
09.08.2021 09:59:58.687,26.00
09.08.2021 09:59:59.706,27.00
09.08.2021 10:00:00.695,27.00
09.08.2021 10:00:01.684,27.00
09.08.2021 10:00:02.706,27.00
09.08.2021 10:00:03.697,27.00
09.08.2021 10:00:04.686,27.00
09.08.2021 10:00:05.707,27.00
09.08.2021 10:00:06.696,27.00
09.08.2021 10:00:07.687,26.00
09.08.2021 10:00:08.707,26.00
09.08.2021 10:00:09.695,25.00
09.08.2021 10:00:10.686,24.00
09.08.2021 10:00:11.707,24.00
09.08.2021 10:00:12.694,24.00
09.08.2021 10:00:13.686,24.00
09.08.2021 10:00:14.709,24.00
09.08.2021 10:00:15.697,24.00
09.08.2021 10:00:16.684,25.00
09.08.2021 10:00:17.707,25.00
09.08.2021 10:00:18.696,25.00
09.08.2021 10:00:19.687,25.00
09.08.2021 10:00:20.707,25.00
09.08.2021 10:00:21.696,25.00
09.08.2021 10:00:22.686,24.00
09.08.2021 10:00:23.704,24.00
09.08.2021 10:00:24.697,24.00
09.08.2021 10:00:25.687,24.00
09.08.2021 10:00:26.707,24.00
09.08.2021 10:00:27.698,24.00
09.08.2021 10:00:28.687,26.00
09.08.2021 10:00:29.708,26.00
09.08.2021 10:00:30.699,26.00
09.08.2021 10:00:31.688,26.00
09.08.2021 10:00:32.708,26.00
09.08.2021 10:00:33.698,26.00
09.08.2021 10:00:34.688,26.00
09.08.2021 10:00:35.708,26.00
09.08.2021 10:00:36.695,26.00
09.08.2021 10:00:37.689,25.00
09.08.2021 10:00:38.709,25.00
09.08.2021 10:00:39.697,24.00
09.08.2021 10:00:40.689,24.00
09.08.2021 10:00:41.710,24.00
09.08.2021 10:00:42.697,25.00
09.08.2021 10:00:43.689,25.00
09.08.2021 10:00:44.709,26.00
09.08.2021 10:00:45.698,26.00
09.08.2021 10:00:46.690,26.00
09.08.2021 10:00:47.709,26.00
09.08.2021 10:00:48.698,26.00
09.08.2021 10:00:49.688,26.00
09.08.2021 10:00:50.681,26.00
09.08.2021 10:00:51.695,26.00
09.08.2021 10:00:52.688,26.00
09.08.2021 10:00:53.709,26.00
09.08.2021 10:00:54.699,26.00
09.08.2021 10:00:55.688,24.00
09.08.2021 10:00:56.709,25.00
09.08.2021 10:00:57.699,26.00
09.08.2021 10:00:58.690,26.00
09.08.2021 10:00:59.709,25.00
09.08.2021 10:01:00.699,25.00
09.08.2021 10:01:01.689,25.00
09.08.2021 10:01:02.709,25.00
09.08.2021 10:01:03.700,26.00
09.08.2021 10:01:04.690,26.00
09.08.2021 10:01:05.715,26.00
09.08.2021 10:01:06.699,26.00
09.08.2021 10:01:07.687,26.00
09.08.2021 10:01:08.672,26.00
09.08.2021 10:01:09.694,26.00
09.08.2021 10:01:10.681,26.00
09.08.2021 10:01:11.703,26.00
09.08.2021 10:01:12.694,26.00
09.08.2021 10:01:12.891,26.00
09.08.2021 10:01:13.746,26.00
09.08.2021 10:01:13.955,26.00
09.08.2021 10:01:14.796,26.00
09.08.2021 10:01:15.010,26.00
09.08.2021 10:01:15.859,26.00
09.08.2021 10:01:17.612,26.00
09.08.2021 10:01:18.693,26.00
09.08.2021 10:01:19.683,26.00
09.08.2021 10:01:20.703,26.00
09.08.2021 10:01:21.689,26.00
09.08.2021 10:01:22.681,26.00
09.08.2021 10:01:23.669,26.00
09.08.2021 10:01:24.689,26.00
09.08.2021 10:01:25.714,26.00
09.08.2021 10:01:26.701,26.00
09.08.2021 10:01:27.690,26.00
09.08.2021 10:01:28.686,26.00
09.08.2021 10:01:29.705,26.00
09.08.2021 10:01:30.692,26.00
09.08.2021 10:01:31.685,26.00
09.08.2021 10:01:32.676,26.00
09.08.2021 10:01:33.692,26.00
09.08.2021 10:01:34.683,26.00
09.08.2021 10:01:35.672,26.00
09.08.2021 10:01:36.692,26.00
09.08.2021 10:01:37.681,26.00
09.08.2021 10:01:38.673,26.00
09.08.2021 10:01:39.692,26.00
09.08.2021 10:01:40.682,26.00
09.08.2021 10:01:41.703,26.00
09.08.2021 10:01:42.844,26.00
09.08.2021 10:01:43.687,26.00
09.08.2021 10:01:43.899,26.00
09.08.2021 10:01:44.794,26.00
09.08.2021 10:01:46.514,26.00
09.08.2021 10:01:46.800,26.00
09.08.2021 10:01:48.293,26.00
09.08.2021 10:01:48.783,26.00
09.08.2021 10:01:49.684,26.00
09.08.2021 10:01:50.676,26.00
09.08.2021 10:01:51.696,26.00
09.08.2021 10:01:52.683,26.00
09.08.2021 10:01:53.703,26.00
09.08.2021 10:01:54.697,26.00
09.08.2021 10:01:55.687,26.00
09.08.2021 10:01:56.676,26.00
09.08.2021 10:01:57.696,26.00
09.08.2021 10:01:58.686,26.00
09.08.2021 10:01:58.955,26.00
09.08.2021 10:01:59.706,26.00
09.08.2021 10:02:00.695,26.00
09.08.2021 10:02:01.687,26.00
09.08.2021 10:02:02.711,26.00
09.08.2021 10:02:02.917,26.00
09.08.2021 10:02:03.697,26.00
09.08.2021 10:02:04.691,26.00
09.08.2021 10:02:05.677,26.00
09.08.2021 10:02:06.694,26.00
09.08.2021 10:02:07.686,26.00
09.08.2021 10:02:07.894,26.00
09.08.2021 10:02:08.676,26.00
09.08.2021 10:02:09.694,26.00
09.08.2021 10:02:10.691,26.00
09.08.2021 10:02:11.805,26.00
09.08.2021 10:02:12.704,26.00
09.08.2021 10:02:17.066,26.00
09.08.2021 10:02:18.716,26.00
09.08.2021 10:02:19.217,26.00
09.08.2021 10:02:20.969,26.00
09.08.2021 10:02:21.861,26.00
09.08.2021 10:02:24.045,26.00
09.08.2021 10:02:26.126,26.00
09.08.2021 10:02:26.545,26.00
09.08.2021 10:02:27.281,26.00
09.08.2021 10:02:28.644,26.00
09.08.2021 10:02:28.991,26.00
09.08.2021 10:02:29.434,26.00
09.08.2021 10:02:29.679,26.00
09.08.2021 10:02:31.094,26.00
09.08.2021 10:02:31.591,26.00
09.08.2021 10:02:32.499,26.00
09.08.2021 10:02:33.007,26.00
09.08.2021 10:02:35.458,26.00
09.08.2021 10:02:35.830,26.00
09.08.2021 10:02:36.698,26.00
09.08.2021 10:02:37.688,26.00
09.08.2021 10:02:38.709,26.00
09.08.2021 10:02:39.701,26.00
09.08.2021 10:02:40.691,26.00
09.08.2021 10:02:41.831,26.00
09.08.2021 10:02:42.703,26.00
09.08.2021 10:02:43.692,26.00
09.08.2021 10:02:44.705,26.00
09.08.2021 10:02:45.699,26.00
09.08.2021 10:02:49.742,26.00
09.08.2021 10:02:50.041,26.00
09.08.2021 10:02:57.004,26.00
09.08.2021 10:03:00.922,26.00
09.08.2021 10:03:01.502,26.00
09.08.2021 10:03:01.861,26.00
09.08.2021 10:03:02.710,26.00
09.08.2021 10:03:03.697,26.00
09.08.2021 10:03:19.725,26.00
09.08.2021 10:03:20.920,26.00
09.08.2021 10:03:21.420,26.00
09.08.2021 10:03:21.664,26.00
09.08.2021 10:03:21.889,26.00
09.08.2021 10:03:22.862,26.00
09.08.2021 10:03:23.612,26.00
09.08.2021 10:03:23.841,26.00
09.08.2021 10:03:24.602,26.00
09.08.2021 10:03:25.624,26.00
09.08.2021 10:03:25.862,26.00
09.08.2021 10:03:26.651,26.00
09.08.2021 10:03:29.761,26.00
09.08.2021 10:03:30.297,26.00
09.08.2021 10:03:30.537,26.00
09.08.2021 10:03:30.870,26.00
09.08.2021 10:03:31.628,26.00
09.08.2021 10:03:32.615,26.00
09.08.2021 10:03:32.843,26.00
09.08.2021 10:05:06.820,26.00
09.08.2021 10:05:09.009,26.00
09.08.2021 10:05:09.253,26.00
09.08.2021 10:05:09.526,26.00
09.08.2021 10:05:14.121,26.00
09.08.2021 10:05:14.337,26.00
09.08.2021 10:05:14.569,26.00
09.08.2021 10:05:15.496,26.00
09.08.2021 10:05:16.523,26.00
09.08.2021 10:05:17.518,26.00
09.08.2021 10:05:23.027,26.00
09.08.2021 10:05:23.513,25.00
09.08.2021 10:05:23.740,25.00
09.08.2021 10:05:24.597,25.00
09.08.2021 10:05:24.817,25.00
09.08.2021 10:05:25.585,25.00
09.08.2021 10:05:25.795,25.00
09.08.2021 10:05:26.604,25.00
09.08.2021 10:05:27.595,26.00
09.08.2021 10:05:27.810,26.00
09.08.2021 10:05:28.588,26.00
09.08.2021 10:05:29.604,26.00
09.08.2021 10:05:29.832,26.00
09.08.2021 10:05:30.591,26.00
09.08.2021 10:05:30.798,25.00
09.08.2021 10:05:31.585,25.00
09.08.2021 10:05:32.635,24.00
09.08.2021 10:05:33.595,24.00
09.08.2021 10:05:34.588,25.00
09.08.2021 10:05:34.798,26.00
09.08.2021 10:05:35.605,26.00
09.08.2021 10:05:35.832,26.00
09.08.2021 10:05:36.595,26.00
09.08.2021 10:05:36.818,26.00
09.08.2021 10:05:37.613,26.00
09.08.2021 10:05:38.605,26.00
09.08.2021 10:05:39.595,26.00
09.08.2021 10:05:40.616,26.00
09.08.2021 10:05:41.549,26.00
09.08.2021 10:05:41.778,26.00
09.08.2021 10:05:42.598,26.00
09.08.2021 10:05:42.828,26.00
09.08.2021 10:05:43.615,26.00
09.08.2021 10:05:43.844,26.00
09.08.2021 10:05:44.609,26.00
09.08.2021 10:05:44.834,26.00
09.08.2021 10:05:45.532,26.00
09.08.2021 10:05:46.578,26.00
09.08.2021 10:05:47.517,26.00
09.08.2021 10:05:48.531,26.00
09.08.2021 10:05:49.575,26.00
09.08.2021 10:05:50.517,26.00
09.08.2021 10:05:51.526,26.00
09.08.2021 10:05:52.528,26.00
09.08.2021 10:05:53.516,26.00
09.08.2021 10:05:54.534,26.00
09.08.2021 10:05:55.521,26.00
09.08.2021 10:05:56.514,26.00
09.08.2021 10:05:57.505,26.00
09.08.2021 10:05:58.528,26.00
09.08.2021 10:05:59.515,26.00
09.08.2021 10:06:00.538,26.00
09.08.2021 10:06:01.528,26.00
09.08.2021 10:06:02.518,26.00
09.08.2021 10:06:03.536,26.00
09.08.2021 10:06:04.527,26.00
09.08.2021 10:06:05.516,26.00
09.08.2021 10:06:06.639,26.00
09.08.2021 10:06:07.523,26.00
09.08.2021 10:06:08.512,26.00
09.08.2021 10:06:10.126,26.00
09.08.2021 10:06:10.521,26.00
09.08.2021 10:06:11.597,26.00
09.08.2021 10:06:12.537,26.00
09.08.2021 10:06:13.519,26.00
09.08.2021 10:06:14.514,26.00
09.08.2021 10:06:15.531,26.00
09.08.2021 10:06:16.524,26.00
09.08.2021 10:06:17.544,26.00
09.08.2021 10:06:18.835,26.00
09.08.2021 10:06:19.522,26.00
09.08.2021 10:06:20.517,26.00
09.08.2021 10:06:21.535,26.00
09.08.2021 10:06:22.522,26.00
09.08.2021 10:06:23.510,26.00
09.08.2021 10:06:25.187,26.00
09.08.2021 10:06:25.555,26.00
09.08.2021 10:06:25.764,26.00
09.08.2021 10:06:26.604,26.00
09.08.2021 10:06:27.502,26.00
09.08.2021 10:06:28.516,26.00
09.08.2021 10:06:29.513,26.00
09.08.2021 10:06:30.504,26.00
09.08.2021 10:06:31.853,26.00
09.08.2021 10:06:32.516,26.00
09.08.2021 10:06:33.533,26.00
09.08.2021 10:06:34.528,26.00
09.08.2021 10:06:35.519,26.00
09.08.2021 10:06:36.535,26.00
09.08.2021 10:06:37.526,26.00
09.08.2021 10:06:38.719,26.00
09.08.2021 10:06:39.564,26.00
09.08.2021 10:06:40.554,26.00
09.08.2021 10:06:42.167,26.00
09.08.2021 10:06:42.534,26.00
09.08.2021 10:06:42.745,26.00
09.08.2021 10:06:43.607,26.00
09.08.2021 10:06:43.815,26.00
09.08.2021 10:06:44.515,26.00
09.08.2021 10:06:45.533,26.00
09.08.2021 10:06:46.642,26.00
09.08.2021 10:06:47.517,26.00
09.08.2021 10:06:48.539,26.00
09.08.2021 10:06:49.520,26.00
09.08.2021 10:06:50.508,26.00
09.08.2021 10:06:53.027,26.00
09.08.2021 10:06:53.515,26.00
09.08.2021 10:06:54.624,26.00
09.08.2021 10:06:55.522,26.00
09.08.2021 10:06:56.511,26.00
09.08.2021 10:06:57.498,26.00
09.08.2021 10:06:58.913,26.00
09.08.2021 10:06:59.572,26.00
09.08.2021 10:07:00.528,26.00
09.08.2021 10:07:01.526,26.00
09.08.2021 10:07:02.512,26.00
09.08.2021 10:07:03.498,26.00
09.08.2021 10:07:04.524,26.00
09.08.2021 10:07:05.518,26.00
09.08.2021 10:07:06.770,26.00
09.08.2021 10:07:07.524,26.00
09.08.2021 10:07:08.516,26.00
09.08.2021 10:07:09.501,26.00
09.08.2021 10:07:10.521,26.00
09.08.2021 10:07:11.517,26.00
09.08.2021 10:07:12.538,26.00
09.08.2021 10:07:13.529,26.00
09.08.2021 10:07:14.517,26.00
09.08.2021 10:07:15.540,26.00
09.08.2021 10:07:16.528,26.00
09.08.2021 10:07:17.517,26.00
09.08.2021 10:07:18.541,26.00
09.08.2021 10:07:19.532,26.00
09.08.2021 10:07:20.516,26.00
09.08.2021 10:07:21.564,26.00
09.08.2021 10:07:22.557,26.00
09.08.2021 10:07:23.547,26.00
09.08.2021 10:07:24.508,26.00
09.08.2021 10:07:25.524,26.00
09.08.2021 10:07:26.515,26.00
09.08.2021 10:07:27.533,26.00
09.08.2021 10:07:28.528,26.00
09.08.2021 10:07:29.509,26.00
09.08.2021 10:07:30.538,26.00
09.08.2021 10:07:31.523,26.00
09.08.2021 10:07:32.514,26.00
09.08.2021 10:07:33.538,26.00
09.08.2021 10:07:34.526,26.00
09.08.2021 10:07:35.516,26.00
09.08.2021 10:07:36.535,26.00
09.08.2021 10:07:37.524,26.00
09.08.2021 10:07:38.876,26.00
09.08.2021 10:07:39.530,26.00
09.08.2021 10:07:40.522,26.00
09.08.2021 10:07:41.517,26.00
09.08.2021 10:07:42.531,26.00
09.08.2021 10:07:43.527,26.00
09.08.2021 10:07:44.517,26.00
09.08.2021 10:07:45.508,26.00
09.08.2021 10:07:46.526,26.00
09.08.2021 10:07:47.510,26.00
09.08.2021 10:07:48.502,26.00
09.08.2021 10:07:49.518,26.00
09.08.2021 10:07:50.512,26.00
09.08.2021 10:07:51.502,26.00
09.08.2021 10:07:52.563,26.00
09.08.2021 10:07:53.514,26.00
09.08.2021 10:07:54.502,26.00
09.08.2021 10:07:55.522,25.00
09.08.2021 10:07:56.513,25.00
09.08.2021 10:07:57.501,25.00
09.08.2021 10:07:58.523,25.00
09.08.2021 10:07:59.512,26.00
09.08.2021 10:08:00.502,26.00
09.08.2021 10:08:01.522,26.00
09.08.2021 10:08:02.550,26.00
09.08.2021 10:08:03.502,26.00
09.08.2021 10:08:04.524,25.00
09.08.2021 10:08:05.541,26.00
09.08.2021 10:08:06.531,26.00
09.08.2021 10:08:07.523,26.00
09.08.2021 10:08:08.515,26.00
09.08.2021 10:08:09.500,26.00
09.08.2021 10:08:10.524,26.00
09.08.2021 10:08:11.514,26.00
09.08.2021 10:08:12.569,26.00
09.08.2021 10:08:13.520,26.00
09.08.2021 10:08:14.514,26.00
09.08.2021 10:08:15.501,26.00
09.08.2021 10:08:16.518,26.00
09.08.2021 10:08:17.512,26.00
09.08.2021 10:08:18.530,26.00
09.08.2021 10:08:19.590,26.00
09.08.2021 10:08:20.517,26.00
09.08.2021 10:08:21.502,26.00
09.08.2021 10:08:21.649,26.00
09.08.2021 10:08:22.525,26.00
09.08.2021 10:08:23.784,26.00
09.08.2021 10:08:24.503,26.00
09.08.2021 10:08:25.523,26.00
09.08.2021 10:08:26.510,26.00
09.08.2021 10:08:27.564,26.00
09.08.2021 10:08:28.555,26.00
09.08.2021 10:08:28.708,26.00
09.08.2021 10:08:29.660,26.00
09.08.2021 10:08:30.537,26.00
09.08.2021 10:08:31.526,26.00
09.08.2021 10:08:32.517,26.00
09.08.2021 10:08:32.731,26.00
09.08.2021 10:08:33.501,26.00
09.08.2021 10:08:34.524,26.00
09.08.2021 10:08:35.510,26.00
09.08.2021 10:08:36.536,26.00
09.08.2021 10:08:38.376,26.00
09.08.2021 10:08:38.632,26.00
09.08.2021 10:08:39.541,26.00
09.08.2021 10:08:40.526,26.00
09.08.2021 10:08:41.512,26.00
09.08.2021 10:08:42.531,26.00
09.08.2021 10:08:43.522,26.00
09.08.2021 10:08:44.516,26.00
09.08.2021 10:08:45.502,25.00
09.08.2021 10:08:46.518,25.00
09.08.2021 10:08:47.513,25.00
09.08.2021 10:08:48.534,25.00
09.08.2021 10:08:49.526,26.00
09.08.2021 10:08:50.515,25.00
09.08.2021 10:08:51.531,24.00
09.08.2021 10:08:52.523,25.00
09.08.2021 10:08:53.518,26.00
09.08.2021 10:08:54.536,26.00
09.08.2021 10:08:55.526,26.00
09.08.2021 10:08:56.517,26.00
09.08.2021 10:08:57.503,26.00
09.08.2021 10:08:58.527,26.00
09.08.2021 10:08:59.519,26.00
09.08.2021 10:09:00.531,26.00
09.08.2021 10:09:01.523,26.00
09.08.2021 10:09:02.512,26.00
09.08.2021 10:09:03.531,26.00
09.08.2021 10:09:04.524,26.00
09.08.2021 10:09:05.514,26.00
09.08.2021 10:09:06.504,26.00
09.08.2021 10:09:07.524,26.00
09.08.2021 10:09:08.513,26.00
09.08.2021 10:09:09.504,26.00
09.08.2021 10:09:10.554,26.00
09.08.2021 10:09:11.544,26.00
09.08.2021 10:09:12.507,26.00
09.08.2021 10:09:13.527,26.00
09.08.2021 10:09:14.515,26.00
09.08.2021 10:09:15.537,26.00
09.08.2021 10:09:16.524,25.00
09.08.2021 10:09:17.515,25.00
09.08.2021 10:09:18.536,25.00
09.08.2021 10:09:19.522,25.00
09.08.2021 10:09:20.514,25.00
09.08.2021 10:09:21.502,26.00
09.08.2021 10:09:22.523,26.00
09.08.2021 10:09:23.515,26.00
09.08.2021 10:09:24.535,25.00
09.08.2021 10:09:25.526,25.00
09.08.2021 10:09:26.514,25.00
09.08.2021 10:09:27.507,25.00
09.08.2021 10:09:28.522,25.00
09.08.2021 10:09:29.516,26.00
09.08.2021 10:09:30.504,25.00
09.08.2021 10:09:31.523,26.00
09.08.2021 10:09:32.515,25.00
09.08.2021 10:09:33.564,25.00
09.08.2021 10:09:34.522,25.00
09.08.2021 10:09:35.515,24.00
09.08.2021 10:09:36.534,24.00
09.08.2021 10:09:37.525,25.00
09.08.2021 10:09:38.516,25.00
09.08.2021 10:09:39.532,25.00
09.08.2021 10:09:40.524,25.00
09.08.2021 10:09:41.520,24.00
09.08.2021 10:09:42.534,25.00
09.08.2021 10:09:43.524,25.00
09.08.2021 10:09:44.513,25.00
09.08.2021 10:09:45.537,25.00
09.08.2021 10:09:46.524,25.00
09.08.2021 10:09:47.513,25.00
09.08.2021 10:09:48.537,25.00
09.08.2021 10:09:49.526,25.00
09.08.2021 10:09:50.514,24.00
09.08.2021 10:09:51.506,23.00
09.08.2021 10:09:52.523,23.00
09.08.2021 10:09:53.513,22.00
09.08.2021 10:09:54.505,22.00
09.08.2021 10:09:55.528,23.00
09.08.2021 10:09:56.514,25.00
09.08.2021 10:09:57.507,26.00
09.08.2021 10:09:58.526,25.00
09.08.2021 10:09:59.514,25.00
09.08.2021 10:10:00.507,25.00
09.08.2021 10:10:01.528,24.00
09.08.2021 10:10:02.512,24.00
09.08.2021 10:10:03.533,24.00
09.08.2021 10:10:04.523,25.00
09.08.2021 10:10:05.514,24.00
09.08.2021 10:10:06.534,24.00
09.08.2021 10:10:07.526,24.00
09.08.2021 10:10:08.513,24.00
09.08.2021 10:10:09.503,24.00
09.08.2021 10:10:10.524,25.00
09.08.2021 10:10:11.515,25.00
09.08.2021 10:10:12.503,25.00
09.08.2021 10:10:13.524,25.00
09.08.2021 10:10:14.515,25.00
09.08.2021 10:10:15.534,25.00
09.08.2021 10:10:16.523,25.00
09.08.2021 10:10:17.519,25.00
09.08.2021 10:10:18.536,25.00
09.08.2021 10:10:19.524,25.00
09.08.2021 10:10:20.517,25.00
09.08.2021 10:10:21.538,25.00
09.08.2021 10:10:22.525,25.00
09.08.2021 10:10:23.514,25.00
09.08.2021 10:10:24.505,25.00
09.08.2021 10:10:25.527,25.00
09.08.2021 10:10:26.514,25.00
09.08.2021 10:10:27.534,25.00
09.08.2021 10:10:28.529,25.00
09.08.2021 10:10:29.518,24.00
09.08.2021 10:10:30.538,24.00
09.08.2021 10:10:31.528,24.00
09.08.2021 10:10:32.515,24.00
09.08.2021 10:10:33.509,24.00
09.08.2021 10:10:34.524,24.00
09.08.2021 10:10:35.515,24.00
09.08.2021 10:10:36.624,24.00
09.08.2021 10:10:37.524,24.00
09.08.2021 10:10:38.518,24.00
09.08.2021 10:10:39.509,24.00
09.08.2021 10:10:40.527,25.00
09.08.2021 10:10:41.516,25.00
09.08.2021 10:10:42.537,25.00
09.08.2021 10:10:43.528,24.00
09.08.2021 10:10:44.518,24.00
09.08.2021 10:10:45.539,24.00
09.08.2021 10:10:46.529,23.00
09.08.2021 10:10:47.515,23.00
09.08.2021 10:10:48.534,24.00
09.08.2021 10:10:49.529,24.00
09.08.2021 10:10:50.519,24.00
09.08.2021 10:10:51.541,24.00
09.08.2021 10:10:52.526,24.00
09.08.2021 10:10:53.519,24.00
09.08.2021 10:10:54.540,24.00
09.08.2021 10:10:55.525,24.00
09.08.2021 10:10:56.515,23.00
09.08.2021 10:10:57.504,23.00
09.08.2021 10:10:58.526,23.00
09.08.2021 10:10:59.515,24.00
09.08.2021 10:11:00.538,24.00
09.08.2021 10:11:01.525,23.00
09.08.2021 10:11:02.516,23.00
09.08.2021 10:11:03.539,24.00
09.08.2021 10:11:04.527,24.00
09.08.2021 10:11:05.518,25.00
09.08.2021 10:11:06.542,25.00
09.08.2021 10:11:07.525,25.00
09.08.2021 10:11:08.516,25.00
09.08.2021 10:11:09.535,25.00
09.08.2021 10:11:10.525,24.00
09.08.2021 10:11:11.516,24.00
09.08.2021 10:11:12.539,24.00
09.08.2021 10:11:13.528,24.00
09.08.2021 10:11:14.519,24.00
09.08.2021 10:11:15.509,24.00
09.08.2021 10:11:16.529,23.00
09.08.2021 10:11:17.516,23.00
09.08.2021 10:11:18.505,22.00
09.08.2021 10:11:19.526,23.00
09.08.2021 10:11:20.516,23.00
09.08.2021 10:11:21.535,23.00
09.08.2021 10:11:22.529,24.00
09.08.2021 10:11:23.516,24.00
09.08.2021 10:11:24.536,23.00
09.08.2021 10:11:25.527,23.00
09.08.2021 10:11:26.520,23.00
09.08.2021 10:11:27.541,23.00
09.08.2021 10:11:28.525,24.00
09.08.2021 10:11:29.518,24.00
09.08.2021 10:11:30.539,23.00
09.08.2021 10:11:31.526,23.00
09.08.2021 10:11:32.518,23.00
09.08.2021 10:11:33.535,24.00
09.08.2021 10:11:34.529,24.00
09.08.2021 10:11:35.516,24.00
09.08.2021 10:11:36.541,23.00
09.08.2021 10:11:37.527,22.00
09.08.2021 10:11:38.516,22.00
09.08.2021 10:11:39.506,24.00
09.08.2021 10:11:39.713,24.00
09.08.2021 10:11:40.527,24.00
09.08.2021 10:11:41.515,24.00
09.08.2021 10:11:42.535,24.00
09.08.2021 10:11:43.529,24.00
09.08.2021 10:11:44.520,24.00
09.08.2021 10:11:45.539,24.00
09.08.2021 10:11:46.527,24.00
09.08.2021 10:11:47.518,23.00
09.08.2021 10:11:48.537,22.00
09.08.2021 10:11:49.529,22.00
09.08.2021 10:11:50.517,22.00
09.08.2021 10:11:51.539,22.00
09.08.2021 10:11:52.527,24.00
09.08.2021 10:11:53.517,24.00
09.08.2021 10:11:54.510,24.00
09.08.2021 10:11:55.531,24.00
09.08.2021 10:11:56.517,24.00
09.08.2021 10:11:57.540,24.00
09.08.2021 10:11:58.529,23.00
09.08.2021 10:11:59.517,22.00
09.08.2021 10:12:00.536,21.00
09.08.2021 10:12:01.526,21.00
09.08.2021 10:12:02.517,23.00
09.08.2021 10:12:03.627,23.00
09.08.2021 10:12:04.528,23.00
09.08.2021 10:12:05.517,24.00
09.08.2021 10:12:06.539,24.00
09.08.2021 10:12:07.529,23.00
09.08.2021 10:12:08.519,23.00
09.08.2021 10:12:09.539,23.00
09.08.2021 10:12:10.527,23.00
09.08.2021 10:12:11.517,23.00
09.08.2021 10:12:12.511,23.00
09.08.2021 10:12:13.528,23.00
09.08.2021 10:12:14.515,23.00
09.08.2021 10:12:15.540,23.00
09.08.2021 10:12:16.523,22.00
09.08.2021 10:12:17.513,22.00
09.08.2021 10:12:18.535,23.00
09.08.2021 10:12:19.527,24.00
09.08.2021 10:12:20.520,23.00
09.08.2021 10:12:21.539,23.00
09.08.2021 10:12:22.526,22.00
09.08.2021 10:12:23.516,22.00
09.08.2021 10:12:24.598,22.00
09.08.2021 10:12:25.527,22.00
09.08.2021 10:12:26.516,23.00
09.08.2021 10:12:27.537,23.00
09.08.2021 10:12:28.527,22.00
09.08.2021 10:12:29.516,21.00
09.08.2021 10:12:30.536,21.00
09.08.2021 10:12:31.527,22.00
09.08.2021 10:12:32.517,23.00
09.08.2021 10:12:33.540,23.00
09.08.2021 10:12:34.530,23.00
09.08.2021 10:12:35.516,22.00
09.08.2021 10:12:36.537,22.00
09.08.2021 10:12:37.531,22.00
09.08.2021 10:12:38.520,21.00
09.08.2021 10:12:39.541,20.00
09.08.2021 10:12:40.531,20.00
09.08.2021 10:12:41.521,21.00
09.08.2021 10:12:42.537,21.00
09.08.2021 10:12:43.528,22.00
09.08.2021 10:12:44.517,23.00
09.08.2021 10:12:45.536,23.00
09.08.2021 10:12:46.527,23.00
09.08.2021 10:12:47.518,23.00
09.08.2021 10:12:48.541,23.00
09.08.2021 10:12:49.529,23.00
09.08.2021 10:12:50.521,23.00
09.08.2021 10:12:51.540,23.00
09.08.2021 10:12:52.531,22.00
09.08.2021 10:12:53.518,22.00
09.08.2021 10:12:54.539,22.00
09.08.2021 10:12:55.530,22.00
09.08.2021 10:12:56.518,22.00
09.08.2021 10:12:57.536,21.00
09.08.2021 10:12:58.527,21.00
09.08.2021 10:12:59.521,21.00
09.08.2021 10:13:00.541,21.00
09.08.2021 10:13:01.531,22.00
09.08.2021 10:13:02.518,22.00
09.08.2021 10:13:03.542,22.00
09.08.2021 10:13:04.531,22.00
09.08.2021 10:13:05.517,22.00
09.08.2021 10:13:06.540,21.00
09.08.2021 10:13:07.556,20.00
09.08.2021 10:13:08.547,20.00
09.08.2021 10:13:09.541,21.00
09.08.2021 10:13:10.533,20.00
09.08.2021 10:13:11.521,21.00
09.08.2021 10:13:12.542,22.00
09.08.2021 10:13:13.532,22.00
09.08.2021 10:13:14.520,22.00
09.08.2021 10:13:15.538,22.00
09.08.2021 10:13:16.532,22.00
09.08.2021 10:13:17.522,22.00
09.08.2021 10:13:18.538,22.00
09.08.2021 10:13:19.528,22.00
09.08.2021 10:13:20.518,22.00
09.08.2021 10:13:21.541,22.00
09.08.2021 10:13:22.533,22.00
09.08.2021 10:13:23.521,22.00
09.08.2021 10:13:24.538,22.00
09.08.2021 10:13:25.532,22.00
09.08.2021 10:13:26.517,22.00
09.08.2021 10:13:27.538,22.00
09.08.2021 10:13:28.531,21.00
09.08.2021 10:13:29.519,20.00
09.08.2021 10:13:30.570,20.00
09.08.2021 10:13:31.529,20.00
09.08.2021 10:13:32.522,22.00
09.08.2021 10:13:33.542,22.00
09.08.2021 10:13:34.529,22.00
09.08.2021 10:13:35.521,21.00
09.08.2021 10:13:36.542,21.00
09.08.2021 10:13:37.532,21.00
09.08.2021 10:13:38.521,21.00
09.08.2021 10:13:39.543,21.00
09.08.2021 10:13:40.529,21.00
09.08.2021 10:13:41.518,21.00
09.08.2021 10:13:42.539,22.00
09.08.2021 10:13:43.534,22.00
09.08.2021 10:13:44.522,22.00
09.08.2021 10:13:45.542,22.00
09.08.2021 10:13:46.532,22.00
09.08.2021 10:13:47.518,22.00
09.08.2021 10:13:48.540,22.00
09.08.2021 10:13:49.529,22.00
09.08.2021 10:13:50.548,22.00
09.08.2021 10:13:51.540,22.00
09.08.2021 10:13:52.528,22.00
09.08.2021 10:13:53.518,21.00
09.08.2021 10:13:54.543,21.00
09.08.2021 10:13:55.533,21.00
09.08.2021 10:13:56.522,21.00
09.08.2021 10:13:57.543,21.00
09.08.2021 10:13:58.533,22.00
09.08.2021 10:13:59.522,22.00
09.08.2021 10:14:00.543,22.00
09.08.2021 10:14:01.529,22.00
09.08.2021 10:14:02.520,22.00
09.08.2021 10:14:03.543,22.00
09.08.2021 10:14:04.533,22.00
09.08.2021 10:14:05.523,22.00
09.08.2021 10:14:06.543,22.00
09.08.2021 10:14:07.529,21.00
09.08.2021 10:14:08.522,22.00
09.08.2021 10:14:09.542,21.00
09.08.2021 10:14:10.527,20.00
09.08.2021 10:14:11.519,19.00
09.08.2021 10:14:12.571,20.00
09.08.2021 10:14:13.560,20.00
09.08.2021 10:14:14.519,20.00
09.08.2021 10:14:15.538,21.00
09.08.2021 10:14:16.528,21.00
09.08.2021 10:14:17.523,22.00
09.08.2021 10:14:18.543,22.00
09.08.2021 10:14:19.529,22.00
09.08.2021 10:14:20.523,22.00
09.08.2021 10:14:21.512,22.00
09.08.2021 10:14:22.532,22.00
09.08.2021 10:14:23.522,21.00
09.08.2021 10:14:24.541,20.00
09.08.2021 10:14:25.532,20.00
09.08.2021 10:14:26.522,21.00
09.08.2021 10:14:27.540,21.00
09.08.2021 10:14:28.531,20.00
09.08.2021 10:14:29.520,20.00
09.08.2021 10:14:30.689,21.00
09.08.2021 10:14:31.530,21.00
09.08.2021 10:14:32.520,21.00
09.08.2021 10:14:33.540,21.00
09.08.2021 10:14:34.530,19.00
09.08.2021 10:14:35.522,19.00
09.08.2021 10:14:36.539,18.00
09.08.2021 10:14:37.533,19.00
09.08.2021 10:14:38.523,21.00
09.08.2021 10:14:39.543,21.00
09.08.2021 10:14:40.529,21.00
09.08.2021 10:14:41.524,20.00
09.08.2021 10:14:42.543,21.00
09.08.2021 10:14:43.533,21.00
09.08.2021 10:14:44.520,21.00
09.08.2021 10:14:45.540,21.00
09.08.2021 10:14:46.533,21.00
09.08.2021 10:14:47.523,21.00
09.08.2021 10:14:48.543,21.00
09.08.2021 10:14:49.531,21.00
09.08.2021 10:14:50.525,21.00
09.08.2021 10:14:51.542,21.00
09.08.2021 10:14:52.531,21.00
09.08.2021 10:14:53.520,21.00
09.08.2021 10:14:54.540,21.00
09.08.2021 10:14:55.561,21.00
09.08.2021 10:14:56.551,21.00
09.08.2021 10:14:57.543,21.00
09.08.2021 10:14:58.534,21.00
09.08.2021 10:14:59.521,20.00
09.08.2021 10:15:00.544,20.00
09.08.2021 10:15:01.536,19.00
09.08.2021 10:15:02.524,19.00
09.08.2021 10:15:03.544,20.00
09.08.2021 10:15:04.531,21.00
09.08.2021 10:15:05.520,21.00
09.08.2021 10:15:06.540,21.00
09.08.2021 10:15:07.532,21.00
09.08.2021 10:15:08.520,21.00
09.08.2021 10:15:09.545,21.00
09.08.2021 10:15:10.530,21.00
09.08.2021 10:15:11.521,21.00
09.08.2021 10:15:12.541,21.00
09.08.2021 10:15:13.530,21.00
09.08.2021 10:15:14.521,21.00
09.08.2021 10:15:15.542,21.00
09.08.2021 10:15:16.530,21.00
09.08.2021 10:15:17.521,21.00
09.08.2021 10:15:18.572,21.00
09.08.2021 10:15:19.531,21.00
09.08.2021 10:15:20.522,21.00
09.08.2021 10:15:21.542,21.00
09.08.2021 10:15:22.533,20.00
09.08.2021 10:15:23.525,18.00
09.08.2021 10:15:24.545,18.00
09.08.2021 10:15:25.534,20.00
09.08.2021 10:15:26.527,21.00
09.08.2021 10:15:27.544,21.00
09.08.2021 10:15:28.530,21.00
09.08.2021 10:15:29.525,21.00
09.08.2021 10:15:30.545,21.00
09.08.2021 10:15:31.533,21.00
09.08.2021 10:15:32.525,20.00
09.08.2021 10:15:33.542,21.00
09.08.2021 10:15:34.535,21.00
09.08.2021 10:15:35.521,21.00
09.08.2021 10:15:37.531,21.00
09.08.2021 10:15:38.552,20.00
09.08.2021 10:15:39.542,20.00
09.08.2021 10:15:40.531,19.00
09.08.2021 10:15:41.522,19.00
09.08.2021 10:15:42.546,20.00
09.08.2021 10:15:43.538,20.00
09.08.2021 10:15:44.555,20.00
09.08.2021 10:15:45.546,20.00
09.08.2021 10:15:46.535,21.00
09.08.2021 10:15:47.524,21.00
09.08.2021 10:15:48.545,21.00
09.08.2021 10:15:49.532,21.00
09.08.2021 10:15:50.523,20.00
09.08.2021 10:15:51.545,20.00
09.08.2021 10:15:52.531,20.00
09.08.2021 10:15:53.526,20.00
09.08.2021 10:15:54.546,21.00
09.08.2021 10:15:55.531,21.00
09.08.2021 10:15:56.526,21.00
09.08.2021 10:15:57.542,21.00
09.08.2021 10:15:58.531,21.00
09.08.2021 10:15:59.523,21.00
09.08.2021 10:16:00.573,21.00
09.08.2021 10:16:01.564,21.00
09.08.2021 10:16:02.522,21.00
09.08.2021 10:16:03.548,21.00
09.08.2021 10:16:04.534,20.00
09.08.2021 10:16:05.522,20.00
09.08.2021 10:16:06.541,20.00
09.08.2021 10:16:07.536,20.00
09.08.2021 10:16:08.522,20.00
09.08.2021 10:16:09.542,19.00
09.08.2021 10:16:10.533,19.00
09.08.2021 10:16:11.522,19.00
09.08.2021 10:16:12.541,19.00
09.08.2021 10:16:13.534,19.00
09.08.2021 10:16:14.526,19.00
09.08.2021 10:16:15.546,20.00
09.08.2021 10:16:16.537,20.00
09.08.2021 10:16:17.526,20.00
09.08.2021 10:16:18.546,20.00
09.08.2021 10:16:19.531,20.00
09.08.2021 10:16:20.523,20.00
09.08.2021 10:16:21.542,20.00
09.08.2021 10:16:22.532,20.00
09.08.2021 10:16:23.524,20.00
09.08.2021 10:16:24.542,20.00
09.08.2021 10:16:25.536,20.00
09.08.2021 10:16:26.523,20.00
09.08.2021 10:16:27.542,20.00
09.08.2021 10:16:28.537,20.00
09.08.2021 10:16:29.526,20.00
09.08.2021 10:16:30.546,19.00
09.08.2021 10:16:31.535,19.00
09.08.2021 10:16:32.523,19.00
09.08.2021 10:16:33.543,18.00
09.08.2021 10:16:34.536,18.00
09.08.2021 10:16:35.524,17.00
09.08.2021 10:16:36.542,18.00
09.08.2021 10:16:37.536,19.00
09.08.2021 10:16:38.527,19.00
09.08.2021 10:16:39.547,20.00
09.08.2021 10:16:40.533,20.00
09.08.2021 10:16:41.522,20.00
09.08.2021 10:16:42.543,20.00
09.08.2021 10:16:43.533,20.00
09.08.2021 10:16:44.553,20.00
09.08.2021 10:16:45.548,20.00
09.08.2021 10:16:46.536,20.00
09.08.2021 10:16:47.524,20.00
09.08.2021 10:16:48.548,20.00
09.08.2021 10:16:49.537,20.00
09.08.2021 10:16:50.527,20.00
09.08.2021 10:16:51.547,19.00
09.08.2021 10:16:52.536,19.00
09.08.2021 10:16:53.527,20.00
09.08.2021 10:16:54.544,20.00
09.08.2021 10:16:55.534,20.00
09.08.2021 10:16:56.525,20.00
09.08.2021 10:16:57.545,19.00
09.08.2021 10:16:58.538,19.00
09.08.2021 10:16:59.528,19.00
09.08.2021 10:17:00.563,19.00
09.08.2021 10:17:01.534,19.00
09.08.2021 10:17:02.524,19.00
09.08.2021 10:17:03.546,19.00
09.08.2021 10:17:04.533,18.00
09.08.2021 10:17:04.776,18.00
09.08.2021 10:17:05.525,18.00
09.08.2021 10:17:06.576,19.00
09.08.2021 10:17:07.537,19.00
09.08.2021 10:17:08.528,20.00
09.08.2021 10:17:09.545,20.00
09.08.2021 10:17:10.537,20.00
09.08.2021 10:17:11.526,19.00
09.08.2021 10:17:12.544,19.00
09.08.2021 10:17:13.536,19.00
09.08.2021 10:17:14.528,18.00
09.08.2021 10:17:15.545,18.00
09.08.2021 10:17:16.534,19.00
09.08.2021 10:17:17.529,19.00
09.08.2021 10:17:18.543,19.00
09.08.2021 10:17:19.538,19.00
09.08.2021 10:17:20.529,19.00
09.08.2021 10:17:21.545,19.00
09.08.2021 10:17:22.537,20.00
09.08.2021 10:17:23.525,19.00
09.08.2021 10:17:24.544,18.00
09.08.2021 10:17:25.534,18.00
09.08.2021 10:17:26.524,18.00
09.08.2021 10:17:27.544,18.00
09.08.2021 10:17:28.538,18.00
09.08.2021 10:17:29.528,19.00
09.08.2021 10:17:30.545,19.00
09.08.2021 10:17:31.536,19.00
09.08.2021 10:17:32.528,19.00
09.08.2021 10:17:33.545,18.00
09.08.2021 10:17:34.539,18.00
09.08.2021 10:17:35.526,19.00
09.08.2021 10:17:36.545,19.00
09.08.2021 10:17:37.534,18.00
09.08.2021 10:17:38.527,18.00
09.08.2021 10:17:39.545,18.00
09.08.2021 10:17:40.539,18.00
09.08.2021 10:17:41.525,18.00
09.08.2021 10:17:42.549,18.00
09.08.2021 10:17:43.539,17.00
09.08.2021 10:17:44.528,17.00
09.08.2021 10:17:45.546,19.00
09.08.2021 10:17:46.535,19.00
09.08.2021 10:17:47.526,19.00
09.08.2021 10:17:48.545,19.00
09.08.2021 10:17:49.566,19.00
09.08.2021 10:17:50.529,19.00
09.08.2021 10:17:51.549,19.00
09.08.2021 10:17:52.536,19.00
09.08.2021 10:17:53.527,19.00
09.08.2021 10:17:54.549,19.00
09.08.2021 10:17:55.538,19.00
09.08.2021 10:17:56.525,19.00
09.08.2021 10:17:57.546,19.00
09.08.2021 10:17:58.536,18.00
09.08.2021 10:17:59.525,18.00
09.08.2021 10:18:00.546,18.00
09.08.2021 10:18:01.536,18.00
09.08.2021 10:18:02.529,18.00
09.08.2021 10:18:03.545,18.00
09.08.2021 10:18:04.537,18.00
09.08.2021 10:18:05.526,18.00
09.08.2021 10:18:06.549,18.00
09.08.2021 10:18:07.535,18.00
09.08.2021 10:18:08.528,18.00
09.08.2021 10:18:09.546,19.00
09.08.2021 10:18:10.537,19.00
09.08.2021 10:18:11.527,19.00
09.08.2021 10:18:12.549,19.00
09.08.2021 10:18:13.539,19.00
09.08.2021 10:18:14.527,19.00
09.08.2021 10:18:15.546,18.00
09.08.2021 10:18:16.536,18.00
09.08.2021 10:18:17.527,18.00
09.08.2021 10:18:18.547,18.00
09.08.2021 10:18:19.539,18.00
09.08.2021 10:18:20.525,19.00
09.08.2021 10:18:21.547,19.00
09.08.2021 10:18:22.540,18.00
09.08.2021 10:18:23.529,17.00
09.08.2021 10:18:24.547,17.00
09.08.2021 10:18:25.540,17.00
09.08.2021 10:18:26.525,17.00
09.08.2021 10:18:27.547,17.00
09.08.2021 10:18:28.537,18.00
09.08.2021 10:18:29.525,18.00
09.08.2021 10:18:30.547,19.00
09.08.2021 10:18:31.536,19.00
09.08.2021 10:18:32.527,19.00
09.08.2021 10:18:33.518,19.00
09.08.2021 10:18:34.538,19.00
09.08.2021 10:18:35.530,19.00
09.08.2021 10:18:36.549,19.00
09.08.2021 10:18:37.541,19.00
09.08.2021 10:18:38.531,18.00
09.08.2021 10:18:39.549,18.00
09.08.2021 10:18:40.537,18.00
09.08.2021 10:18:41.530,17.00
09.08.2021 10:18:42.546,18.00
09.08.2021 10:18:43.537,18.00
09.08.2021 10:18:44.530,18.00
09.08.2021 10:18:45.550,18.00
09.08.2021 10:18:46.541,18.00
09.08.2021 10:18:47.529,17.00
09.08.2021 10:18:48.517,18.00
09.08.2021 10:18:49.540,18.00
09.08.2021 10:18:50.526,18.00
09.08.2021 10:18:51.517,18.00
09.08.2021 10:18:52.537,18.00
09.08.2021 10:18:53.526,19.00
09.08.2021 10:18:54.547,19.00
09.08.2021 10:18:55.540,18.00
09.08.2021 10:18:56.531,17.00
09.08.2021 10:18:57.550,17.00
09.08.2021 10:18:58.537,16.00
09.08.2021 10:18:59.530,16.00
09.08.2021 10:19:00.548,17.00
09.08.2021 10:19:01.540,17.00
09.08.2021 10:19:02.529,17.00
09.08.2021 10:19:03.551,17.00
09.08.2021 10:19:04.537,18.00
09.08.2021 10:19:05.530,18.00
09.08.2021 10:19:06.547,18.00
09.08.2021 10:19:07.540,18.00
09.08.2021 10:19:08.530,18.00
09.08.2021 10:19:09.551,18.00
09.08.2021 10:19:10.543,18.00
09.08.2021 10:19:11.527,18.00
09.08.2021 10:19:12.516,17.00
09.08.2021 10:19:13.536,17.00
09.08.2021 10:19:14.527,17.00
09.08.2021 10:19:15.547,18.00
09.08.2021 10:19:16.541,18.00
09.08.2021 10:19:17.527,18.00
09.08.2021 10:19:18.551,18.00
09.08.2021 10:19:19.541,18.00
09.08.2021 10:19:20.529,18.00
09.08.2021 10:19:21.550,18.00
09.08.2021 10:19:22.538,17.00
09.08.2021 10:19:23.530,17.00
09.08.2021 10:19:24.551,17.00
09.08.2021 10:19:25.538,17.00
09.08.2021 10:19:26.527,17.00
09.08.2021 10:19:27.551,18.00
09.08.2021 10:19:28.540,18.00
09.08.2021 10:19:29.530,18.00
09.08.2021 10:19:30.552,17.00
09.08.2021 10:19:31.537,18.00
09.08.2021 10:19:32.532,18.00
09.08.2021 10:19:33.548,18.00
09.08.2021 10:19:34.538,18.00
09.08.2021 10:19:35.527,18.00
09.08.2021 10:19:36.548,17.00
09.08.2021 10:19:37.537,17.00
09.08.2021 10:19:38.531,17.00
09.08.2021 10:19:39.548,17.00
09.08.2021 10:19:40.541,17.00
09.08.2021 10:19:41.528,18.00
09.08.2021 10:19:42.552,18.00
09.08.2021 10:19:43.540,18.00
09.08.2021 10:19:44.528,18.00
09.08.2021 10:19:45.520,18.00
09.08.2021 10:19:46.541,18.00
09.08.2021 10:19:47.528,17.00
09.08.2021 10:19:48.548,16.00
09.08.2021 10:19:49.541,16.00
09.08.2021 10:19:50.528,17.00
09.08.2021 10:19:51.551,17.00
09.08.2021 10:19:52.540,17.00
09.08.2021 10:19:53.532,17.00
09.08.2021 10:19:54.521,17.00
09.08.2021 10:19:55.535,17.00
09.08.2021 10:19:56.529,17.00
09.08.2021 10:19:57.551,17.00
09.08.2021 10:19:58.538,17.00
09.08.2021 10:19:59.531,17.00
09.08.2021 10:20:00.549,17.00
09.08.2021 10:20:01.543,18.00
09.08.2021 10:20:02.528,17.00
09.08.2021 10:20:03.551,17.00
09.08.2021 10:20:04.542,18.00
09.08.2021 10:20:05.529,18.00
09.08.2021 10:20:06.553,18.00
09.08.2021 10:20:07.542,18.00
09.08.2021 10:20:08.528,18.00
09.08.2021 10:20:09.549,18.00
09.08.2021 10:20:10.541,18.00
09.08.2021 10:20:11.533,18.00
09.08.2021 10:20:12.552,17.00
09.08.2021 10:20:13.542,17.00
09.08.2021 10:20:14.528,16.00
09.08.2021 10:20:15.522,16.00
09.08.2021 10:20:16.539,17.00
09.08.2021 10:20:17.529,17.00
09.08.2021 10:20:18.519,17.00
09.08.2021 10:20:19.538,17.00
09.08.2021 10:20:20.530,16.00
09.08.2021 10:20:21.553,16.00
09.08.2021 10:20:22.541,16.00
09.08.2021 10:20:23.532,16.00
09.08.2021 10:20:24.553,16.00
09.08.2021 10:20:25.542,16.00
09.08.2021 10:20:26.533,16.00
09.08.2021 10:20:27.553,17.00
09.08.2021 10:20:28.540,17.00
09.08.2021 10:20:29.530,17.00
09.08.2021 10:20:30.548,17.00
09.08.2021 10:20:31.540,17.00
09.08.2021 10:20:32.530,17.00
09.08.2021 10:20:33.552,18.00
09.08.2021 10:20:34.540,18.00
09.08.2021 10:20:35.530,18.00
09.08.2021 10:20:36.519,17.00
09.08.2021 10:20:37.543,17.00
09.08.2021 10:20:38.529,16.00
09.08.2021 10:20:39.520,16.00
09.08.2021 10:20:40.539,15.00
09.08.2021 10:20:41.529,15.00
09.08.2021 10:20:42.549,15.00
09.08.2021 10:20:43.539,15.00
09.08.2021 10:20:44.529,16.00
09.08.2021 10:20:45.520,17.00
09.08.2021 10:20:46.541,17.00
09.08.2021 10:20:47.529,17.00
09.08.2021 10:20:48.549,17.00
09.08.2021 10:20:49.543,17.00
09.08.2021 10:20:50.529,17.00
09.08.2021 10:20:51.549,17.00
09.08.2021 10:20:52.542,17.00
09.08.2021 10:20:53.530,17.00
09.08.2021 10:20:54.550,17.00
09.08.2021 10:20:55.539,17.00
09.08.2021 10:20:56.530,16.00
09.08.2021 10:20:57.554,15.00
09.08.2021 10:20:58.537,15.00
09.08.2021 10:20:59.529,15.00
09.08.2021 10:21:00.520,15.00
09.08.2021 10:21:01.539,15.00
09.08.2021 10:21:02.529,16.00
09.08.2021 10:21:03.548,16.00
09.08.2021 10:21:04.538,15.00
09.08.2021 10:21:05.533,14.00
09.08.2021 10:21:06.550,14.00
09.08.2021 10:21:07.539,14.00
09.08.2021 10:21:08.530,14.00
09.08.2021 10:21:09.549,14.00
09.08.2021 10:21:10.542,14.00
09.08.2021 10:21:11.529,15.00
09.08.2021 10:21:12.520,16.00
09.08.2021 10:21:13.540,16.00
09.08.2021 10:21:14.534,16.00
09.08.2021 10:21:15.550,16.00
09.08.2021 10:21:16.540,16.00
09.08.2021 10:21:17.530,16.00
09.08.2021 10:21:18.525,16.00
09.08.2021 10:21:19.543,16.00
09.08.2021 10:21:20.534,16.00
09.08.2021 10:21:21.550,16.00
09.08.2021 10:21:22.540,16.00
09.08.2021 10:21:23.560,16.00
09.08.2021 10:21:24.549,16.00
09.08.2021 10:21:25.543,15.00
09.08.2021 10:21:26.534,14.00
09.08.2021 10:21:27.552,15.00
09.08.2021 10:21:28.541,16.00
09.08.2021 10:21:29.532,16.00
09.08.2021 10:21:30.551,16.00
09.08.2021 10:21:31.543,15.00
09.08.2021 10:21:32.533,14.00
09.08.2021 10:21:33.521,14.00
09.08.2021 10:21:34.539,14.00
09.08.2021 10:21:35.532,14.00
09.08.2021 10:21:36.553,14.00
09.08.2021 10:21:37.544,13.00
09.08.2021 10:21:38.532,13.00
09.08.2021 10:21:39.550,14.00
09.08.2021 10:21:40.544,15.00
09.08.2021 10:21:41.534,15.00
09.08.2021 10:21:42.550,15.00
09.08.2021 10:21:43.540,16.00
09.08.2021 10:21:44.531,16.00
09.08.2021 10:21:45.582,16.00
09.08.2021 10:21:46.570,16.00
09.08.2021 10:21:47.531,16.00
09.08.2021 10:21:48.554,15.00
09.08.2021 10:21:49.543,14.00
09.08.2021 10:21:50.534,13.00
09.08.2021 10:21:51.553,13.00
09.08.2021 10:21:52.545,13.00
09.08.2021 10:21:53.535,13.00
09.08.2021 10:21:54.524,13.00
09.08.2021 10:21:55.544,14.00
09.08.2021 10:21:56.530,15.00
09.08.2021 10:21:57.547,15.00
09.08.2021 10:21:58.541,15.00
09.08.2021 10:21:59.531,15.00
09.08.2021 10:22:00.521,15.00
09.08.2021 10:22:01.542,15.00
09.08.2021 10:22:02.531,15.00
09.08.2021 10:22:03.523,14.00
09.08.2021 10:22:04.542,13.00
09.08.2021 10:22:05.532,13.00
09.08.2021 10:22:06.551,13.00
09.08.2021 10:22:07.541,13.00
09.08.2021 10:22:08.532,13.00
09.08.2021 10:22:09.524,13.00
09.08.2021 10:22:10.545,13.00
09.08.2021 10:22:11.532,13.00
09.08.2021 10:22:12.551,13.00
09.08.2021 10:22:13.545,12.00
09.08.2021 10:22:14.532,12.00
09.08.2021 10:22:15.552,12.00
09.08.2021 10:22:16.545,12.00
09.08.2021 10:22:17.533,12.00
09.08.2021 10:22:18.522,12.00
09.08.2021 10:22:19.544,13.00
09.08.2021 10:22:20.534,13.00
09.08.2021 10:22:21.553,14.00
09.08.2021 10:22:22.546,14.00
09.08.2021 10:22:23.536,14.00
09.08.2021 10:22:24.525,14.00
09.08.2021 10:22:25.543,14.00
09.08.2021 10:22:26.532,13.00
09.08.2021 10:22:27.522,13.00
09.08.2021 10:22:28.573,13.00
09.08.2021 10:22:29.561,13.00
09.08.2021 10:22:30.556,13.00
09.08.2021 10:22:31.545,12.00
09.08.2021 10:22:32.536,12.00
09.08.2021 10:22:33.556,12.00
09.08.2021 10:22:34.543,12.00
09.08.2021 10:22:35.536,13.00
09.08.2021 10:22:36.555,13.00
09.08.2021 10:22:37.542,13.00
09.08.2021 10:22:37.785,13.00
09.08.2021 10:22:38.533,13.00
09.08.2021 10:22:39.552,13.00
09.08.2021 10:22:40.546,13.00
09.08.2021 10:22:41.536,14.00
09.08.2021 10:22:42.555,14.00
09.08.2021 10:22:43.543,13.00
09.08.2021 10:22:44.535,14.00
09.08.2021 10:22:45.525,13.00
09.08.2021 10:22:46.543,13.00
09.08.2021 10:22:47.533,13.00
09.08.2021 10:22:48.521,12.00
09.08.2021 10:22:49.542,12.00
09.08.2021 10:22:50.532,13.00
09.08.2021 10:22:51.584,13.00
09.08.2021 10:22:52.546,13.00
09.08.2021 10:22:53.537,13.00
09.08.2021 10:22:54.555,13.00
09.08.2021 10:22:55.544,12.00
09.08.2021 10:22:56.533,12.00
09.08.2021 10:22:57.554,12.00
09.08.2021 10:22:58.548,13.00
09.08.2021 10:22:59.536,13.00
09.08.2021 10:23:00.522,13.00
09.08.2021 10:23:01.542,13.00
09.08.2021 10:23:02.536,13.00
09.08.2021 10:23:03.555,13.00
09.08.2021 10:23:04.544,13.00
09.08.2021 10:23:05.536,13.00
09.08.2021 10:23:06.552,13.00
09.08.2021 10:23:07.545,13.00
09.08.2021 10:23:08.532,13.00
09.08.2021 10:23:09.522,13.00
09.08.2021 10:23:10.542,12.00
09.08.2021 10:23:11.561,12.00
09.08.2021 10:23:12.555,12.00
09.08.2021 10:23:13.545,13.00
09.08.2021 10:23:14.532,13.00
09.08.2021 10:23:15.523,13.00
09.08.2021 10:23:16.546,13.00
09.08.2021 10:23:17.532,13.00
09.08.2021 10:23:18.529,13.00
09.08.2021 10:23:19.542,13.00
09.08.2021 10:23:20.531,13.00
09.08.2021 10:23:21.524,13.00
09.08.2021 10:23:22.543,13.00
09.08.2021 10:23:23.529,13.00
09.08.2021 10:23:24.553,13.00
09.08.2021 10:23:25.542,13.00
09.08.2021 10:23:26.533,13.00
09.08.2021 10:23:27.553,13.00
09.08.2021 10:23:28.543,13.00
09.08.2021 10:23:29.530,13.00
09.08.2021 10:23:30.518,13.00
09.08.2021 10:23:31.539,13.00
09.08.2021 10:23:32.529,13.00
09.08.2021 10:23:33.580,13.00
09.08.2021 10:23:34.571,13.00
09.08.2021 10:23:35.533,13.00
09.08.2021 10:23:36.521,13.00
09.08.2021 10:23:37.540,13.00
09.08.2021 10:23:38.533,13.00
09.08.2021 10:23:39.554,13.00
09.08.2021 10:23:40.540,13.00
09.08.2021 10:23:41.529,13.00
09.08.2021 10:23:42.523,13.00
09.08.2021 10:23:44.150,13.00
09.08.2021 10:23:44.530,13.00
09.08.2021 10:23:45.824,13.00
09.08.2021 10:23:46.631,13.00
09.08.2021 10:23:47.685,13.00
09.08.2021 10:23:48.551,13.00
09.08.2021 10:23:49.540,13.00
09.08.2021 10:23:50.528,13.00
09.08.2021 10:23:51.521,13.00
09.08.2021 10:23:52.537,13.00
09.08.2021 10:23:53.529,13.00
09.08.2021 10:23:54.549,13.00
09.08.2021 10:24:02.892,13.00
09.08.2021 10:24:04.182,13.00
09.08.2021 10:24:04.543,13.00
09.08.2021 10:24:05.533,13.00
09.08.2021 10:24:06.553,13.00
09.08.2021 10:24:07.544,13.00
09.08.2021 10:24:08.536,13.00
09.08.2021 10:24:09.523,13.00
09.08.2021 10:24:10.543,13.00
09.08.2021 10:24:11.537,13.00
09.08.2021 10:24:12.523,13.00
09.08.2021 10:24:13.548,13.00
09.08.2021 10:24:14.531,13.00
09.08.2021 10:24:15.557,13.00
09.08.2021 10:24:16.596,13.00
09.08.2021 10:24:39.035,13.00
09.08.2021 10:24:39.404,13.00
09.08.2021 10:24:39.640,13.00
09.08.2021 10:24:40.540,13.00
09.08.2021 10:24:40.749,13.00
09.08.2021 10:24:41.589,13.00
09.08.2021 10:24:42.552,13.00
09.08.2021 10:24:43.542,13.00
09.08.2021 10:24:43.755,13.00
09.08.2021 10:24:44.625,13.00
09.08.2021 10:24:45.643,13.00
09.08.2021 10:24:45.882,13.00
09.08.2021 10:24:46.630,13.00
09.08.2021 10:24:47.560,13.00
09.08.2021 10:24:47.768,13.00
09.08.2021 10:24:48.551,13.00
09.08.2021 10:24:49.541,13.00
09.08.2021 10:24:49.755,13.00
09.08.2021 10:24:50.627,13.00
09.08.2021 10:24:51.615,13.00
09.08.2021 10:24:52.583,13.00
09.08.2021 10:24:53.000,13.00
09.08.2021 10:24:53.863,13.00
09.08.2021 10:24:54.613,13.00
09.08.2021 10:24:55.633,13.00
09.08.2021 10:24:55.877,13.00
09.08.2021 10:24:56.592,13.00
09.08.2021 10:24:56.801,13.00
09.08.2021 10:24:57.586,13.00
09.08.2021 10:24:58.633,13.00
09.08.2021 10:24:59.639,13.00
09.08.2021 10:25:00.558,13.00
09.08.2021 10:25:01.668,13.00
09.08.2021 10:25:02.560,13.00
09.08.2021 10:25:03.550,13.00
09.08.2021 10:25:04.572,13.00
09.08.2021 10:25:05.537,13.00
09.08.2021 10:25:06.813,13.00
09.08.2021 10:25:07.576,13.00
09.08.2021 10:25:08.534,13.00
09.08.2021 10:25:09.647,13.00
09.08.2021 10:25:10.635,13.00
09.08.2021 10:25:11.621,13.00
09.08.2021 10:25:11.842,13.00
09.08.2021 10:25:12.644,13.00
09.08.2021 10:25:12.853,13.00
09.08.2021 10:25:13.578,13.00
09.08.2021 10:25:14.626,13.00
09.08.2021 10:25:15.554,13.00
09.08.2021 10:25:16.726,13.00
09.08.2021 10:25:17.625,13.00
09.08.2021 10:25:17.832,13.00
09.08.2021 10:25:18.648,13.00
09.08.2021 10:25:18.883,13.00
09.08.2021 10:25:19.633,13.00
09.08.2021 10:25:19.863,13.00
09.08.2021 10:25:20.621,13.00
09.08.2021 10:25:20.837,13.00
09.08.2021 10:25:21.643,13.00
09.08.2021 10:25:21.869,13.00
09.08.2021 10:25:22.632,13.00
09.08.2021 10:25:22.848,13.00
09.08.2021 10:25:23.681,13.00
09.08.2021 10:25:23.899,13.00
09.08.2021 10:25:24.905,13.00
09.08.2021 10:25:25.162,13.00
09.08.2021 10:25:25.644,13.00
09.08.2021 10:25:25.856,13.00
09.08.2021 10:25:26.628,13.00
09.08.2021 10:25:27.075,13.00
09.08.2021 10:25:27.444,13.00
09.08.2021 10:25:27.702,13.00
09.08.2021 10:25:27.983,13.00
09.08.2021 10:25:28.584,13.00
09.08.2021 10:25:28.814,13.00
09.08.2021 10:25:29.635,13.00
09.08.2021 10:25:29.854,13.00
09.08.2021 10:25:30.620,13.00
09.08.2021 10:25:30.828,13.00
09.08.2021 10:25:31.638,13.00
09.08.2021 10:25:31.845,13.00
09.08.2021 10:25:32.750,13.00
09.08.2021 10:25:33.055,13.00
09.08.2021 10:25:33.888,13.00
09.08.2021 10:25:34.187,13.00
09.08.2021 10:25:35.795,13.00
09.08.2021 10:25:36.035,13.00
09.08.2021 10:25:36.244,13.00
09.08.2021 10:25:36.558,13.00
09.08.2021 10:25:37.543,13.00
09.08.2021 10:25:38.545,13.00
09.08.2021 10:25:39.672,13.00
09.08.2021 10:25:40.603,13.00
09.08.2021 10:25:41.535,13.00
09.08.2021 10:25:42.522,13.00
09.08.2021 10:25:43.544,13.00
09.08.2021 10:25:44.535,13.00
09.08.2021 10:25:45.553,13.00
09.08.2021 10:25:46.542,13.00
09.08.2021 10:25:47.532,13.00
09.08.2021 10:25:48.556,13.00
09.08.2021 10:25:48.811,13.00
09.08.2021 10:25:49.545,13.00
09.08.2021 10:25:50.544,13.00
09.08.2021 10:25:51.825,13.00
09.08.2021 10:25:52.545,13.00
09.08.2021 10:25:57.074,13.00
09.08.2021 10:25:57.405,13.00
09.08.2021 10:25:57.625,13.00
09.08.2021 10:25:57.860,13.00
09.08.2021 10:25:59.475,13.00
09.08.2021 10:26:00.754,13.00
09.08.2021 10:26:03.302,13.00
09.08.2021 10:26:04.009,13.00
09.08.2021 10:26:04.810,13.00
09.08.2021 10:26:04.919,13.00
09.08.2021 10:26:07.300,13.00
09.08.2021 10:26:10.300,13.00
09.08.2021 10:26:12.824,13.00
09.08.2021 10:26:14.773,13.00
09.08.2021 10:26:15.868,13.00
09.08.2021 10:26:16.319,13.00
09.08.2021 10:26:16.656,13.00
09.08.2021 10:26:16.954,13.00
09.08.2021 10:26:17.597,13.00
09.08.2021 10:26:17.808,13.00
09.08.2021 10:26:18.557,13.00
09.08.2021 10:26:19.636,13.00
09.08.2021 10:26:20.653,13.00
09.08.2021 10:26:20.863,13.00
09.08.2021 10:26:21.647,13.00
09.08.2021 10:26:22.667,13.00
09.08.2021 10:26:22.873,13.00
09.08.2021 10:26:23.582,13.00
09.08.2021 10:26:23.828,13.00
09.08.2021 10:26:27.210,13.00
09.08.2021 10:26:28.430,13.00
09.08.2021 10:26:28.743,13.00
09.08.2021 10:26:29.580,13.00
09.08.2021 10:26:30.556,13.00
09.08.2021 10:26:31.639,13.00
09.08.2021 10:26:31.845,13.00
09.08.2021 10:26:32.663,13.00
09.08.2021 10:26:34.323,13.00
09.08.2021 10:26:34.632,13.00
09.08.2021 10:26:35.537,13.00
09.08.2021 10:26:36.522,13.00
09.08.2021 10:26:37.547,13.00
09.08.2021 10:26:38.536,13.00
09.08.2021 10:26:39.559,13.00
09.08.2021 10:26:40.549,13.00
09.08.2021 10:26:41.543,13.00
09.08.2021 10:26:42.558,13.00
09.08.2021 10:26:43.725,13.00
09.08.2021 10:26:44.538,13.00
09.08.2021 10:26:45.523,13.00
09.08.2021 10:26:46.997,13.00
09.08.2021 10:26:47.543,13.00
09.08.2021 10:26:48.560,13.00
09.08.2021 10:26:49.553,13.00
09.08.2021 10:26:50.548,13.00
09.08.2021 10:26:51.561,13.00
09.08.2021 10:26:52.552,13.00
09.08.2021 10:26:53.545,13.00
09.08.2021 10:26:54.558,13.00
09.08.2021 10:26:55.555,13.00
09.08.2021 10:26:56.543,13.00
09.08.2021 10:26:57.558,13.00
09.08.2021 10:26:58.552,13.00
09.08.2021 10:26:59.542,13.00
09.08.2021 10:27:00.558,13.00
09.08.2021 10:27:01.556,13.00
09.08.2021 10:27:01.948,13.00
09.08.2021 10:27:02.535,13.00
09.08.2021 10:27:03.563,13.00
09.08.2021 10:27:04.546,13.00
09.08.2021 10:27:05.540,13.00
09.08.2021 10:27:06.645,13.00
09.08.2021 10:27:07.640,13.00
09.08.2021 10:27:07.876,13.00
09.08.2021 10:27:08.572,13.00
09.08.2021 10:27:09.557,13.00
09.08.2021 10:27:10.549,13.00
09.08.2021 10:27:11.564,13.00
09.08.2021 10:27:12.621,13.00
09.08.2021 10:27:13.582,13.00
09.08.2021 10:27:13.799,13.00
09.08.2021 10:27:14.630,13.00
09.08.2021 10:27:15.738,13.00
09.08.2021 10:27:17.235,13.00
09.08.2021 10:27:17.542,13.00
09.08.2021 10:27:19.007,13.00
09.08.2021 10:27:19.550,13.00
09.08.2021 10:27:20.534,13.00
09.08.2021 10:27:22.147,13.00
09.08.2021 10:27:22.557,13.00
09.08.2021 10:27:22.766,13.00
09.08.2021 10:27:23.597,13.00
09.08.2021 10:27:25.156,13.00
09.08.2021 10:27:25.551,13.00
09.08.2021 10:27:26.543,13.00
09.08.2021 10:27:27.530,13.00
09.08.2021 10:27:28.548,13.00
09.08.2021 10:27:29.544,13.00
09.08.2021 10:27:30.563,13.00
09.08.2021 10:27:31.551,13.00
09.08.2021 10:27:32.565,13.00
09.08.2021 10:27:33.563,13.00
09.08.2021 10:27:34.545,13.00
09.08.2021 10:27:35.804,13.00
09.08.2021 10:27:36.557,13.00
09.08.2021 10:27:37.638,13.00
09.08.2021 10:27:38.898,13.00
09.08.2021 10:27:39.561,13.00
09.08.2021 10:27:40.552,13.00
09.08.2021 10:27:41.544,13.00
09.08.2021 10:27:42.561,13.00
09.08.2021 10:27:43.554,13.00
09.08.2021 10:27:44.602,13.00
09.08.2021 10:27:45.561,13.00
09.08.2021 10:27:46.545,13.00
09.08.2021 10:27:47.984,13.00
09.08.2021 10:27:48.654,13.00
09.08.2021 10:27:48.868,13.00
09.08.2021 10:27:49.727,13.00
09.08.2021 10:27:51.076,13.00
09.08.2021 10:27:51.555,13.00
09.08.2021 10:27:52.566,13.00
09.08.2021 10:27:53.538,13.00
09.08.2021 10:27:54.564,13.00
09.08.2021 10:27:55.550,13.00
09.08.2021 10:27:55.861,13.00
09.08.2021 10:27:56.543,13.00
09.08.2021 10:27:57.562,13.00
09.08.2021 10:27:58.139,13.00
09.08.2021 10:27:58.545,13.00
09.08.2021 10:27:59.538,13.00
09.08.2021 10:27:59.788,13.00
09.08.2021 10:28:01.099,13.00
09.08.2021 10:28:01.548,13.00
09.08.2021 10:28:02.538,13.00
09.08.2021 10:28:03.559,13.00
09.08.2021 10:28:04.552,13.00
09.08.2021 10:28:05.781,13.00
09.08.2021 10:28:06.567,13.00
09.08.2021 10:28:08.055,13.00
09.08.2021 10:28:08.336,13.00
09.08.2021 10:28:08.541,13.00
09.08.2021 10:28:09.560,13.00
09.08.2021 10:28:09.767,13.00
09.08.2021 10:28:10.645,13.00
09.08.2021 10:28:12.665,13.00
09.08.2021 10:28:13.549,13.00
09.08.2021 10:28:14.540,13.00
09.08.2021 10:28:15.558,13.00
09.08.2021 10:28:16.549,13.00
09.08.2021 10:28:17.542,13.00
09.08.2021 10:28:18.565,13.00
09.08.2021 10:28:19.560,13.00
09.08.2021 10:28:20.540,13.00
09.08.2021 10:28:21.526,13.00
09.08.2021 10:28:23.178,13.00
09.08.2021 10:28:23.547,13.00
09.08.2021 10:28:23.759,13.00
09.08.2021 10:28:24.646,13.00
09.08.2021 10:28:24.851,13.00
09.08.2021 10:28:25.885,13.00
09.08.2021 10:28:26.545,13.00
09.08.2021 10:28:27.561,13.00
09.08.2021 10:28:28.553,13.00
