date, current
09.08.2021 09:39:11.663,0.02
09.08.2021 09:39:11.933,0.02
09.08.2021 09:39:12.601,0.02
09.08.2021 09:39:13.623,0.02
09.08.2021 09:39:14.597,0.03
09.08.2021 09:39:15.598,0.03
09.08.2021 09:39:16.819,0.03
09.08.2021 09:39:17.601,0.03
09.08.2021 09:39:18.596,0.03
09.08.2021 09:39:19.620,0.03
09.08.2021 09:39:20.614,0.03
09.08.2021 09:39:21.590,0.03
09.08.2021 09:39:22.619,0.03
09.08.2021 09:39:23.610,0.03
09.08.2021 09:39:24.597,0.03
09.08.2021 09:39:25.614,0.03
09.08.2021 09:39:26.609,0.03
09.08.2021 09:39:27.602,0.03
09.08.2021 09:39:28.623,0.03
09.08.2021 09:39:30.289,0.02
09.08.2021 09:39:30.603,0.02
09.08.2021 09:39:30.829,0.29
09.08.2021 09:39:31.616,0.29
09.08.2021 09:39:32.636,4.66
09.08.2021 09:39:33.693,4.66
09.08.2021 09:39:33.927,4.66
09.08.2021 09:39:34.711,18.71
09.08.2021 09:39:35.640,18.71
09.08.2021 09:39:35.869,-1.70
09.08.2021 09:39:36.633,-1.70
09.08.2021 09:39:36.859,0.10
09.08.2021 09:39:37.623,0.10
09.08.2021 09:39:37.848,0.10
09.08.2021 09:39:38.673,0.07
09.08.2021 09:39:38.900,0.07
09.08.2021 09:39:39.619,0.07
09.08.2021 09:39:40.672,0.07
09.08.2021 09:39:41.667,0.08
09.08.2021 09:39:42.662,0.08
09.08.2021 09:39:43.622,0.06
09.08.2021 09:39:43.848,0.06
09.08.2021 09:39:44.671,0.05
09.08.2021 09:39:45.633,0.05
09.08.2021 09:39:45.859,0.03
09.08.2021 09:39:46.620,0.03
09.08.2021 09:39:47.673,0.03
09.08.2021 09:39:48.633,0.03
09.08.2021 09:39:49.623,0.03
09.08.2021 09:39:50.673,0.03
09.08.2021 09:39:51.633,0.03
09.08.2021 09:39:52.623,0.03
09.08.2021 09:39:53.670,0.03
09.08.2021 09:39:53.898,0.02
09.08.2021 09:39:54.632,0.02
09.08.2021 09:39:54.861,0.02
09.08.2021 09:39:55.653,0.02
09.08.2021 09:39:55.881,0.03
09.08.2021 09:39:56.703,0.03
09.08.2021 09:39:56.934,0.03
09.08.2021 09:39:57.693,0.02
09.08.2021 09:39:57.918,0.03
09.08.2021 09:39:58.617,0.03
09.08.2021 09:39:59.703,0.03
09.08.2021 09:39:59.913,0.03
09.08.2021 09:40:00.632,0.03
09.08.2021 09:40:00.857,0.03
09.08.2021 09:40:01.623,0.03
09.08.2021 09:40:01.847,0.03
09.08.2021 09:40:02.703,0.03
09.08.2021 09:40:02.929,0.03
09.08.2021 09:40:03.663,0.02
09.08.2021 09:40:04.653,0.02
09.08.2021 09:40:04.876,0.02
09.08.2021 09:40:05.702,0.02
09.08.2021 09:40:05.928,0.03
09.08.2021 09:40:06.632,0.03
09.08.2021 09:40:07.653,0.03
09.08.2021 09:40:08.642,0.03
09.08.2021 09:40:09.633,0.03
09.08.2021 09:40:10.653,0.03
09.08.2021 09:40:11.643,0.03
09.08.2021 09:40:11.874,0.03
09.08.2021 09:40:12.663,0.01
09.08.2021 09:40:12.887,0.02
09.08.2021 09:40:13.649,0.02
09.08.2021 09:40:14.640,0.02
09.08.2021 09:40:15.663,0.03
09.08.2021 09:40:16.653,0.03
09.08.2021 09:40:16.878,0.03
09.08.2021 09:40:17.673,0.02
09.08.2021 09:40:18.660,0.02
09.08.2021 09:40:18.888,0.02
09.08.2021 09:40:19.653,0.02
09.08.2021 09:40:19.878,0.02
09.08.2021 09:40:20.731,0.02
09.08.2021 09:40:20.994,0.02
09.08.2021 09:40:21.676,0.02
09.08.2021 09:40:22.612,0.03
09.08.2021 09:40:23.599,0.03
09.08.2021 09:40:24.600,0.02
09.08.2021 09:40:25.706,0.03
09.08.2021 09:40:26.612,0.03
09.08.2021 09:40:27.602,0.02
09.08.2021 09:40:28.620,0.02
09.08.2021 09:40:29.607,0.02
09.08.2021 09:40:30.600,0.03
09.08.2021 09:40:31.619,0.03
09.08.2021 09:40:32.610,0.03
09.08.2021 09:40:33.603,0.03
09.08.2021 09:40:34.623,0.02
09.08.2021 09:40:35.613,0.02
09.08.2021 09:40:36.600,0.03
09.08.2021 09:40:37.620,0.03
09.08.2021 09:40:38.610,0.03
09.08.2021 09:40:39.603,0.03
09.08.2021 09:40:40.623,0.03
09.08.2021 09:40:41.612,0.03
09.08.2021 09:40:42.599,0.04
09.08.2021 09:40:43.619,0.04
09.08.2021 09:40:44.607,0.05
09.08.2021 09:40:45.598,0.53
09.08.2021 09:40:46.588,1.02
09.08.2021 09:40:47.613,1.02
09.08.2021 09:40:48.604,0.50
09.08.2021 09:40:49.622,2.05
09.08.2021 09:40:50.613,2.05
09.08.2021 09:40:51.602,0.24
09.08.2021 09:40:52.620,1.22
09.08.2021 09:40:53.613,1.22
09.08.2021 09:40:54.602,4.63
09.08.2021 09:40:55.621,4.63
09.08.2021 09:40:56.612,3.57
09.08.2021 09:40:57.600,7.21
09.08.2021 09:40:58.694,7.21
09.08.2021 09:40:59.685,13.33
09.08.2021 09:41:00.676,13.33
09.08.2021 09:41:01.663,5.48
09.08.2021 09:41:02.683,5.48
09.08.2021 09:41:03.676,1.94
09.08.2021 09:41:04.696,1.33
09.08.2021 09:41:05.688,1.33
09.08.2021 09:41:05.897,0.09
09.08.2021 09:41:06.677,0.09
09.08.2021 09:41:07.696,0.05
09.08.2021 09:41:08.687,0.05
09.08.2021 09:41:09.678,0.05
09.08.2021 09:41:10.694,0.06
09.08.2021 09:41:11.686,0.06
09.08.2021 09:41:12.675,0.06
09.08.2021 09:41:13.697,0.05
09.08.2021 09:41:14.685,0.05
09.08.2021 09:41:15.677,0.01
09.08.2021 09:41:16.697,0.03
09.08.2021 09:41:17.681,0.03
09.08.2021 09:41:18.675,0.03
09.08.2021 09:41:20.112,0.03
09.08.2021 09:41:20.684,0.04
09.08.2021 09:41:21.674,0.04
09.08.2021 09:41:22.698,0.03
09.08.2021 09:41:23.683,0.03
09.08.2021 09:41:24.673,0.03
09.08.2021 09:41:25.696,0.03
09.08.2021 09:41:26.689,0.03
09.08.2021 09:41:27.675,0.02
09.08.2021 09:41:28.690,0.02
09.08.2021 09:41:29.685,0.02
09.08.2021 09:41:30.677,0.02
09.08.2021 09:41:32.322,0.02
09.08.2021 09:41:32.684,0.03
09.08.2021 09:41:33.677,0.03
09.08.2021 09:41:34.697,0.03
09.08.2021 09:41:35.685,0.03
09.08.2021 09:41:36.677,0.03
09.08.2021 09:41:37.699,0.02
09.08.2021 09:41:38.689,0.02
09.08.2021 09:41:39.676,0.01
09.08.2021 09:41:40.701,0.01
09.08.2021 09:41:41.680,0.02
09.08.2021 09:41:42.670,0.03
09.08.2021 09:41:43.692,0.03
09.08.2021 09:41:44.681,0.03
09.08.2021 09:41:45.674,0.03
09.08.2021 09:41:46.691,2.32
09.08.2021 09:41:47.679,2.32
09.08.2021 09:41:48.669,3.48
09.08.2021 09:41:49.662,3.77
09.08.2021 09:41:50.681,3.77
09.08.2021 09:41:51.673,6.51
09.08.2021 09:41:52.692,6.54
09.08.2021 09:41:53.681,6.54
09.08.2021 09:41:54.672,2.76
09.08.2021 09:41:55.659,0.64
09.08.2021 09:41:56.682,0.64
09.08.2021 09:41:57.668,0.11
09.08.2021 09:41:58.661,0.06
09.08.2021 09:41:59.686,0.06
09.08.2021 09:42:00.672,5.38
09.08.2021 09:42:01.661,5.38
09.08.2021 09:42:02.683,2.95
09.08.2021 09:42:03.673,2.95
09.08.2021 09:42:04.662,7.30
09.08.2021 09:42:05.684,7.30
09.08.2021 09:42:06.673,7.68
09.08.2021 09:42:07.662,11.11
09.08.2021 09:42:08.682,11.11
09.08.2021 09:42:09.672,10.06
09.08.2021 09:42:10.664,8.09
09.08.2021 09:42:11.682,6.74
09.08.2021 09:42:12.674,5.70
09.08.2021 09:42:13.691,0.30
09.08.2021 09:42:14.682,0.27
09.08.2021 09:42:15.673,0.24
09.08.2021 09:42:16.659,0.24
09.08.2021 09:42:17.679,0.24
09.08.2021 09:42:18.670,0.21
09.08.2021 09:42:19.658,0.21
09.08.2021 09:42:20.682,0.21
09.08.2021 09:42:21.673,0.17
09.08.2021 09:42:22.692,0.17
09.08.2021 09:42:23.679,3.14
09.08.2021 09:42:24.672,3.14
09.08.2021 09:42:25.662,3.14
09.08.2021 09:42:26.683,0.18
09.08.2021 09:42:27.673,1.19
09.08.2021 09:42:28.662,1.19
09.08.2021 09:42:29.681,0.16
09.08.2021 09:42:30.672,0.16
09.08.2021 09:42:31.662,1.14
09.08.2021 09:42:32.681,7.35
09.08.2021 09:42:33.672,14.03
09.08.2021 09:42:34.664,14.03
09.08.2021 09:42:35.682,11.09
09.08.2021 09:42:36.677,10.67
09.08.2021 09:42:37.663,11.10
09.08.2021 09:42:38.683,11.10
09.08.2021 09:42:39.672,9.82
09.08.2021 09:42:40.663,9.35
09.08.2021 09:42:41.682,9.35
09.08.2021 09:42:42.672,8.44
09.08.2021 09:42:43.658,7.32
09.08.2021 09:42:44.678,7.32
09.08.2021 09:42:45.669,7.32
09.08.2021 09:42:46.659,-2.93
09.08.2021 09:42:47.679,-1.19
09.08.2021 09:42:48.673,-0.35
09.08.2021 09:42:49.657,0.05
09.08.2021 09:42:50.681,4.14
09.08.2021 09:42:51.670,10.02
09.08.2021 09:42:52.660,10.28
09.08.2021 09:42:53.678,11.79
09.08.2021 09:42:54.669,11.79
09.08.2021 09:42:55.688,11.02
09.08.2021 09:42:56.680,7.17
09.08.2021 09:42:57.673,7.22
09.08.2021 09:42:58.663,7.59
09.08.2021 09:42:59.681,8.33
09.08.2021 09:43:00.670,8.33
09.08.2021 09:43:01.660,4.29
09.08.2021 09:43:02.680,2.03
09.08.2021 09:43:03.674,2.00
09.08.2021 09:43:04.663,2.00
09.08.2021 09:43:05.682,2.16
09.08.2021 09:43:06.672,2.16
09.08.2021 09:43:07.662,4.19
09.08.2021 09:43:08.682,4.94
09.08.2021 09:43:09.673,4.94
09.08.2021 09:43:10.662,4.94
09.08.2021 09:43:11.683,4.52
09.08.2021 09:43:12.672,4.52
09.08.2021 09:43:13.662,6.95
09.08.2021 09:43:14.683,6.95
09.08.2021 09:43:15.674,4.50
09.08.2021 09:43:16.663,5.24
09.08.2021 09:43:17.683,6.18
09.08.2021 09:43:18.673,6.97
09.08.2021 09:43:19.663,6.97
09.08.2021 09:43:20.683,6.27
09.08.2021 09:43:21.673,4.52
09.08.2021 09:43:22.693,0.29
09.08.2021 09:43:23.683,0.26
09.08.2021 09:43:24.674,6.05
09.08.2021 09:43:25.663,6.94
09.08.2021 09:43:26.684,7.08
09.08.2021 09:43:27.674,7.08
09.08.2021 09:43:28.663,4.70
09.08.2021 09:43:29.683,4.70
09.08.2021 09:43:30.673,0.28
09.08.2021 09:43:31.663,0.32
09.08.2021 09:43:32.684,0.32
09.08.2021 09:43:33.672,1.72
09.08.2021 09:43:34.664,3.54
09.08.2021 09:43:35.683,3.54
09.08.2021 09:43:35.895,2.37
09.08.2021 09:43:36.673,2.37
09.08.2021 09:43:37.664,1.76
09.08.2021 09:43:38.684,0.19
09.08.2021 09:43:39.669,0.19
09.08.2021 09:43:40.664,0.17
09.08.2021 09:43:41.683,0.12
09.08.2021 09:43:42.674,0.15
09.08.2021 09:43:43.667,0.16
09.08.2021 09:43:44.684,0.50
09.08.2021 09:43:45.672,0.50
09.08.2021 09:43:46.664,0.50
09.08.2021 09:43:47.683,0.59
09.08.2021 09:43:48.673,0.59
09.08.2021 09:43:49.666,2.29
09.08.2021 09:43:50.684,2.29
09.08.2021 09:43:51.673,3.07
09.08.2021 09:43:52.663,5.15
09.08.2021 09:43:53.684,5.15
09.08.2021 09:43:54.674,5.15
09.08.2021 09:43:55.664,1.79
09.08.2021 09:43:56.684,1.79
09.08.2021 09:43:57.673,1.74
09.08.2021 09:43:58.664,1.74
09.08.2021 09:43:59.683,0.82
09.08.2021 09:44:00.670,1.34
09.08.2021 09:44:01.664,1.66
09.08.2021 09:44:02.684,1.66
09.08.2021 09:44:03.674,1.64
09.08.2021 09:44:04.664,1.64
09.08.2021 09:44:05.684,1.10
09.08.2021 09:44:06.673,1.10
09.08.2021 09:44:07.661,1.42
09.08.2021 09:44:08.682,1.42
09.08.2021 09:44:09.673,1.77
09.08.2021 09:44:10.665,2.21
09.08.2021 09:44:11.684,2.21
09.08.2021 09:44:12.673,2.73
09.08.2021 09:44:13.665,2.73
09.08.2021 09:44:14.684,1.71
09.08.2021 09:44:15.673,6.18
09.08.2021 09:44:16.664,9.04
09.08.2021 09:44:17.685,9.04
09.08.2021 09:44:18.675,7.58
09.08.2021 09:44:19.660,6.92
09.08.2021 09:44:20.687,6.92
09.08.2021 09:44:21.674,5.67
09.08.2021 09:44:22.662,0.34
09.08.2021 09:44:23.684,0.97
09.08.2021 09:44:24.671,0.97
09.08.2021 09:44:25.664,3.05
09.08.2021 09:44:26.684,3.27
09.08.2021 09:44:27.674,3.27
09.08.2021 09:44:28.663,3.27
09.08.2021 09:44:29.683,3.09
09.08.2021 09:44:30.672,3.09
09.08.2021 09:44:31.661,0.99
09.08.2021 09:44:32.681,0.99
09.08.2021 09:44:33.673,1.52
09.08.2021 09:44:34.664,2.46
09.08.2021 09:44:35.686,2.46
09.08.2021 09:44:36.674,1.30
09.08.2021 09:44:37.668,1.99
09.08.2021 09:44:38.683,4.73
09.08.2021 09:44:39.674,10.49
09.08.2021 09:44:40.663,10.49
09.08.2021 09:44:41.684,10.55
09.08.2021 09:44:42.673,14.88
09.08.2021 09:44:43.661,14.88
09.08.2021 09:44:44.683,18.45
09.08.2021 09:44:45.668,18.45
09.08.2021 09:44:46.658,6.45
09.08.2021 09:44:47.680,0.23
09.08.2021 09:44:48.674,-1.41
09.08.2021 09:44:49.663,-5.47
09.08.2021 09:44:50.685,-5.47
09.08.2021 09:44:51.673,0.10
09.08.2021 09:44:52.664,9.03
09.08.2021 09:44:53.684,9.03
09.08.2021 09:44:54.674,4.67
09.08.2021 09:44:55.662,2.13
09.08.2021 09:44:56.685,1.13
09.08.2021 09:44:57.673,2.48
09.08.2021 09:44:58.662,2.79
09.08.2021 09:44:59.685,3.03
09.08.2021 09:45:00.669,9.23
09.08.2021 09:45:01.664,9.23
09.08.2021 09:45:02.683,12.49
09.08.2021 09:45:03.675,13.65
09.08.2021 09:45:04.663,14.74
09.08.2021 09:45:05.683,14.74
09.08.2021 09:45:06.673,12.44
09.08.2021 09:45:07.694,12.44
09.08.2021 09:45:08.681,0.26
09.08.2021 09:45:09.672,0.27
09.08.2021 09:45:10.661,0.27
09.08.2021 09:45:11.683,0.27
09.08.2021 09:45:12.673,0.27
09.08.2021 09:45:13.663,0.21
09.08.2021 09:45:14.683,0.21
09.08.2021 09:45:15.670,0.19
09.08.2021 09:45:16.662,0.17
09.08.2021 09:45:17.683,0.16
09.08.2021 09:45:18.674,0.10
09.08.2021 09:45:19.664,0.14
09.08.2021 09:45:20.681,0.14
09.08.2021 09:45:21.674,0.11
09.08.2021 09:45:22.665,2.07
09.08.2021 09:45:23.684,5.13
09.08.2021 09:45:24.673,5.13
09.08.2021 09:45:25.665,5.34
09.08.2021 09:45:26.683,7.55
09.08.2021 09:45:27.674,7.55
09.08.2021 09:45:28.665,11.18
09.08.2021 09:45:29.684,11.18
09.08.2021 09:45:30.675,9.77
09.08.2021 09:45:31.666,9.77
09.08.2021 09:45:32.685,8.66
09.08.2021 09:45:33.672,6.21
09.08.2021 09:45:34.665,5.00
09.08.2021 09:45:35.685,5.00
09.08.2021 09:45:36.673,5.00
09.08.2021 09:45:37.665,0.40
09.08.2021 09:45:38.685,4.23
09.08.2021 09:45:39.675,6.70
09.08.2021 09:45:40.666,8.00
09.08.2021 09:45:41.685,9.68
09.08.2021 09:45:42.676,9.95
09.08.2021 09:45:43.665,11.08
09.08.2021 09:45:44.685,11.08
09.08.2021 09:45:45.676,10.07
09.08.2021 09:45:46.662,11.14
09.08.2021 09:45:47.682,11.14
09.08.2021 09:45:48.672,10.00
09.08.2021 09:45:49.666,10.00
09.08.2021 09:45:50.685,10.00
09.08.2021 09:45:51.676,6.54
09.08.2021 09:45:52.696,6.54
09.08.2021 09:45:53.685,6.54
09.08.2021 09:45:54.675,0.31
09.08.2021 09:45:55.666,5.04
09.08.2021 09:45:56.686,5.04
09.08.2021 09:45:57.676,15.23
09.08.2021 09:45:58.664,15.71
09.08.2021 09:45:59.685,15.71
09.08.2021 09:46:00.676,15.71
09.08.2021 09:46:01.664,0.29
09.08.2021 09:46:02.685,0.27
09.08.2021 09:46:03.675,-5.26
09.08.2021 09:46:04.666,-3.94
09.08.2021 09:46:05.686,-2.58
09.08.2021 09:46:06.676,0.10
09.08.2021 09:46:07.666,0.10
09.08.2021 09:46:08.686,0.09
09.08.2021 09:46:09.676,0.08
09.08.2021 09:46:10.665,0.16
09.08.2021 09:46:11.687,3.30
09.08.2021 09:46:12.676,5.46
09.08.2021 09:46:13.666,5.46
09.08.2021 09:46:14.686,5.46
09.08.2021 09:46:15.673,13.00
09.08.2021 09:46:16.665,13.00
09.08.2021 09:46:17.686,13.00
09.08.2021 09:46:18.677,6.51
09.08.2021 09:46:19.666,5.79
09.08.2021 09:46:20.686,0.67
09.08.2021 09:46:21.678,2.47
09.08.2021 09:46:22.667,3.57
09.08.2021 09:46:23.687,5.08
09.08.2021 09:46:24.678,5.39
09.08.2021 09:46:25.667,5.53
09.08.2021 09:46:26.687,5.53
09.08.2021 09:46:27.678,4.11
09.08.2021 09:46:28.668,4.62
09.08.2021 09:46:29.686,5.12
09.08.2021 09:46:30.678,5.77
09.08.2021 09:46:31.668,5.78
09.08.2021 09:46:32.688,5.78
09.08.2021 09:46:33.673,5.67
09.08.2021 09:46:34.668,5.67
09.08.2021 09:46:35.687,5.51
09.08.2021 09:46:36.676,6.43
09.08.2021 09:46:37.668,6.43
09.08.2021 09:46:38.687,6.43
09.08.2021 09:46:39.677,5.50
09.08.2021 09:46:40.667,5.23
09.08.2021 09:46:41.688,5.23
09.08.2021 09:46:42.677,0.31
09.08.2021 09:46:43.667,0.35
09.08.2021 09:46:44.687,0.35
09.08.2021 09:46:45.674,0.27
09.08.2021 09:46:46.666,0.32
09.08.2021 09:46:47.687,6.50
09.08.2021 09:46:48.677,6.50
09.08.2021 09:46:49.668,4.54
09.08.2021 09:46:50.687,4.46
09.08.2021 09:46:51.677,3.68
09.08.2021 09:46:52.669,1.37
09.08.2021 09:46:53.687,0.21
09.08.2021 09:46:54.677,0.27
09.08.2021 09:46:55.667,0.27
09.08.2021 09:46:56.686,0.20
09.08.2021 09:46:57.678,-3.51
09.08.2021 09:46:58.668,0.19
09.08.2021 09:46:59.687,0.19
09.08.2021 09:47:00.671,0.14
09.08.2021 09:47:01.668,0.13
09.08.2021 09:47:02.686,0.13
09.08.2021 09:47:03.678,0.54
09.08.2021 09:47:04.667,5.56
09.08.2021 09:47:05.687,5.56
09.08.2021 09:47:06.678,8.34
09.08.2021 09:47:07.667,9.45
09.08.2021 09:47:08.687,9.45
09.08.2021 09:47:09.679,8.33
09.08.2021 09:47:10.668,4.52
09.08.2021 09:47:11.686,4.53
09.08.2021 09:47:12.679,5.15
09.08.2021 09:47:13.667,6.70
09.08.2021 09:47:14.688,8.03
09.08.2021 09:47:15.677,8.08
09.08.2021 09:47:16.668,8.08
09.08.2021 09:47:17.688,8.08
09.08.2021 09:47:18.677,5.74
09.08.2021 09:47:19.668,5.74
09.08.2021 09:47:20.688,0.27
09.08.2021 09:47:21.678,0.24
09.08.2021 09:47:22.668,0.24
09.08.2021 09:47:23.686,0.21
09.08.2021 09:47:24.679,0.21
09.08.2021 09:47:25.667,0.11
09.08.2021 09:47:26.687,0.14
09.08.2021 09:47:27.679,0.14
09.08.2021 09:47:28.667,0.13
09.08.2021 09:47:29.690,0.11
09.08.2021 09:47:30.678,2.46
09.08.2021 09:47:31.668,7.68
09.08.2021 09:47:32.687,7.68
09.08.2021 09:47:33.678,6.86
09.08.2021 09:47:34.664,6.86
09.08.2021 09:47:35.688,4.98
09.08.2021 09:47:36.679,2.66
09.08.2021 09:47:37.669,2.66
09.08.2021 09:47:38.689,1.20
09.08.2021 09:47:39.680,0.35
09.08.2021 09:47:40.669,0.35
09.08.2021 09:47:41.688,0.17
09.08.2021 09:47:42.681,2.24
09.08.2021 09:47:43.670,2.24
09.08.2021 09:47:44.689,2.24
09.08.2021 09:47:45.676,4.05
09.08.2021 09:47:46.670,4.05
09.08.2021 09:47:47.690,0.83
09.08.2021 09:47:48.680,3.13
09.08.2021 09:47:49.670,3.75
09.08.2021 09:47:50.691,3.77
09.08.2021 09:47:51.680,4.58
09.08.2021 09:47:52.670,4.70
09.08.2021 09:47:53.691,4.70
09.08.2021 09:47:54.680,1.01
09.08.2021 09:47:55.669,1.01
09.08.2021 09:47:56.690,1.59
09.08.2021 09:47:57.679,1.59
09.08.2021 09:47:58.669,0.27
09.08.2021 09:47:59.687,0.21
09.08.2021 09:48:00.677,0.21
09.08.2021 09:48:01.669,0.18
09.08.2021 09:48:02.691,0.18
09.08.2021 09:48:03.680,0.14
09.08.2021 09:48:04.667,0.14
09.08.2021 09:48:05.690,0.14
09.08.2021 09:48:06.679,0.10
09.08.2021 09:48:07.670,0.13
09.08.2021 09:48:08.689,0.13
09.08.2021 09:48:09.681,0.10
09.08.2021 09:48:10.670,2.79
09.08.2021 09:48:11.689,2.86
09.08.2021 09:48:12.681,3.00
09.08.2021 09:48:13.669,7.08
09.08.2021 09:48:14.688,8.54
09.08.2021 09:48:15.680,8.54
09.08.2021 09:48:16.671,2.98
09.08.2021 09:48:17.689,1.60
09.08.2021 09:48:18.681,3.50
09.08.2021 09:48:19.670,3.50
09.08.2021 09:48:20.690,6.69
09.08.2021 09:48:21.681,6.69
09.08.2021 09:48:22.672,6.69
09.08.2021 09:48:23.690,6.72
09.08.2021 09:48:24.681,6.72
09.08.2021 09:48:25.670,6.72
09.08.2021 09:48:26.691,6.17
09.08.2021 09:48:27.681,7.50
09.08.2021 09:48:28.671,7.50
09.08.2021 09:48:29.689,5.83
09.08.2021 09:48:30.680,5.83
09.08.2021 09:48:31.671,2.88
09.08.2021 09:48:32.691,3.42
09.08.2021 09:48:33.681,4.42
09.08.2021 09:48:34.670,5.46
09.08.2021 09:48:35.691,6.36
09.08.2021 09:48:36.681,6.36
09.08.2021 09:48:37.670,5.03
09.08.2021 09:48:38.691,4.97
09.08.2021 09:48:39.681,1.90
09.08.2021 09:48:40.670,8.91
09.08.2021 09:48:41.690,8.91
09.08.2021 09:48:42.680,11.75
09.08.2021 09:48:43.667,11.75
09.08.2021 09:48:44.687,0.21
09.08.2021 09:48:45.676,0.21
09.08.2021 09:48:46.670,-1.33
09.08.2021 09:48:47.690,0.11
09.08.2021 09:48:48.681,0.11
09.08.2021 09:48:49.670,0.11
09.08.2021 09:48:50.691,1.25
09.08.2021 09:48:51.681,4.13
09.08.2021 09:48:52.670,7.62
09.08.2021 09:48:53.691,14.08
09.08.2021 09:48:54.681,14.08
09.08.2021 09:48:55.673,11.98
09.08.2021 09:48:56.690,13.13
09.08.2021 09:48:57.681,13.13
09.08.2021 09:48:58.672,11.57
09.08.2021 09:48:59.691,9.88
09.08.2021 09:49:00.680,9.73
09.08.2021 09:49:01.672,0.54
09.08.2021 09:49:02.692,-4.89
09.08.2021 09:49:03.681,-4.89
09.08.2021 09:49:04.668,-4.40
09.08.2021 09:49:05.691,-3.50
09.08.2021 09:49:06.680,-3.50
09.08.2021 09:49:07.671,1.31
09.08.2021 09:49:08.692,1.31
09.08.2021 09:49:09.682,13.96
09.08.2021 09:49:10.670,19.79
09.08.2021 09:49:11.692,19.79
09.08.2021 09:49:12.681,19.79
09.08.2021 09:49:13.671,0.61
09.08.2021 09:49:14.692,0.32
09.08.2021 09:49:15.677,0.29
09.08.2021 09:49:16.671,0.30
09.08.2021 09:49:17.692,0.30
09.08.2021 09:49:18.681,0.24
09.08.2021 09:49:19.671,1.97
09.08.2021 09:49:20.692,2.02
09.08.2021 09:49:21.680,2.85
09.08.2021 09:49:22.672,3.56
09.08.2021 09:49:23.691,6.76
09.08.2021 09:49:24.682,6.83
09.08.2021 09:49:25.671,7.30
09.08.2021 09:49:26.691,7.30
09.08.2021 09:49:27.681,0.25
09.08.2021 09:49:28.672,4.31
09.08.2021 09:49:29.690,14.12
09.08.2021 09:49:30.680,14.12
09.08.2021 09:49:31.671,21.04
09.08.2021 09:49:32.691,21.04
09.08.2021 09:49:33.680,21.04
09.08.2021 09:49:34.673,0.34
09.08.2021 09:49:35.692,0.29
09.08.2021 09:49:36.682,0.29
09.08.2021 09:49:37.671,0.25
09.08.2021 09:49:38.691,0.20
09.08.2021 09:49:39.679,-3.14
09.08.2021 09:49:40.672,-0.34
09.08.2021 09:49:41.692,-0.34
09.08.2021 09:49:42.682,0.07
09.08.2021 09:49:43.671,0.07
09.08.2021 09:49:44.693,0.05
09.08.2021 09:49:45.682,0.02
09.08.2021 09:49:46.673,7.80
09.08.2021 09:49:47.695,7.80
09.08.2021 09:49:48.682,2.26
09.08.2021 09:49:49.672,2.04
09.08.2021 09:49:50.692,1.03
09.08.2021 09:49:51.682,2.41
09.08.2021 09:49:52.672,2.41
09.08.2021 09:49:53.693,8.99
09.08.2021 09:49:54.684,8.99
09.08.2021 09:49:55.671,9.14
09.08.2021 09:49:56.692,14.65
09.08.2021 09:49:57.687,14.92
09.08.2021 09:49:58.673,14.92
09.08.2021 09:49:59.692,12.32
09.08.2021 09:50:00.680,9.05
09.08.2021 09:50:01.671,4.74
09.08.2021 09:50:02.693,4.42
09.08.2021 09:50:03.683,2.59
09.08.2021 09:50:04.672,2.59
09.08.2021 09:50:05.690,0.24
09.08.2021 09:50:06.682,13.27
09.08.2021 09:50:07.673,13.89
09.08.2021 09:50:08.692,13.89
09.08.2021 09:50:09.682,11.92
09.08.2021 09:50:10.673,12.13
09.08.2021 09:50:11.692,19.07
09.08.2021 09:50:12.682,22.19
09.08.2021 09:50:13.673,22.19
09.08.2021 09:50:14.693,22.19
09.08.2021 09:50:15.683,22.19
09.08.2021 09:50:16.674,0.37
09.08.2021 09:50:17.693,0.37
09.08.2021 09:50:18.683,0.37
09.08.2021 09:50:19.672,0.34
09.08.2021 09:50:20.693,0.34
09.08.2021 09:50:21.682,6.75
09.08.2021 09:50:22.675,18.51
09.08.2021 09:50:23.693,24.10
09.08.2021 09:50:24.682,24.10
09.08.2021 09:50:25.673,20.35
09.08.2021 09:50:26.694,17.85
09.08.2021 09:50:27.685,0.32
09.08.2021 09:50:28.670,0.34
09.08.2021 09:50:29.694,0.40
09.08.2021 09:50:30.683,0.40
09.08.2021 09:50:31.674,0.14
09.08.2021 09:50:32.695,3.19
09.08.2021 09:50:33.684,3.19
09.08.2021 09:50:34.671,3.19
09.08.2021 09:50:35.693,0.31
09.08.2021 09:50:36.680,0.30
09.08.2021 09:50:37.673,0.28
09.08.2021 09:50:38.696,0.28
09.08.2021 09:50:39.682,0.24
09.08.2021 09:50:40.672,0.24
09.08.2021 09:50:41.690,9.63
09.08.2021 09:50:42.679,27.49
09.08.2021 09:50:43.674,27.49
09.08.2021 09:50:44.693,28.10
09.08.2021 09:50:45.679,28.10
09.08.2021 09:50:46.673,0.36
09.08.2021 09:50:47.690,0.29
09.08.2021 09:50:48.681,-5.95
09.08.2021 09:50:49.674,-5.26
09.08.2021 09:50:50.690,-5.26
09.08.2021 09:50:51.683,4.83
09.08.2021 09:50:52.675,4.83
09.08.2021 09:50:53.690,4.83
09.08.2021 09:50:54.684,4.83
09.08.2021 09:50:55.675,1.77
09.08.2021 09:50:56.692,5.65
09.08.2021 09:50:57.684,21.48
09.08.2021 09:50:58.674,27.53
09.08.2021 09:50:59.694,27.53
09.08.2021 09:51:00.683,0.83
09.08.2021 09:51:01.675,0.32
09.08.2021 09:51:02.694,0.26
09.08.2021 09:51:03.684,0.24
09.08.2021 09:51:04.673,0.24
09.08.2021 09:51:05.690,0.23
09.08.2021 09:51:06.684,0.21
09.08.2021 09:51:07.674,-3.09
09.08.2021 09:51:08.694,-1.62
09.08.2021 09:51:09.684,0.16
09.08.2021 09:51:10.674,5.46
09.08.2021 09:51:11.694,5.46
09.08.2021 09:51:12.683,1.03
09.08.2021 09:51:13.676,1.03
09.08.2021 09:51:14.693,0.05
09.08.2021 09:51:15.685,0.05
09.08.2021 09:51:16.673,0.03
09.08.2021 09:51:17.696,0.02
09.08.2021 09:51:18.684,0.02
09.08.2021 09:51:19.674,0.50
09.08.2021 09:51:20.696,2.13
09.08.2021 09:51:21.687,2.13
09.08.2021 09:51:22.732,11.74
09.08.2021 09:51:23.694,11.74
09.08.2021 09:51:24.683,11.19
09.08.2021 09:51:25.674,11.19
09.08.2021 09:51:26.694,0.97
09.08.2021 09:51:27.687,7.13
09.08.2021 09:51:28.673,12.88
09.08.2021 09:51:29.696,27.48
09.08.2021 09:51:30.684,27.48
09.08.2021 09:51:31.673,27.30
09.08.2021 09:51:32.693,26.26
09.08.2021 09:51:33.683,26.26
09.08.2021 09:51:34.673,0.37
09.08.2021 09:51:35.693,0.37
09.08.2021 09:51:36.681,0.35
09.08.2021 09:51:37.674,0.35
09.08.2021 09:51:38.694,0.32
09.08.2021 09:51:39.685,0.27
09.08.2021 09:51:40.673,0.27
09.08.2021 09:51:41.693,2.81
09.08.2021 09:51:42.683,10.38
09.08.2021 09:51:43.674,10.38
09.08.2021 09:51:44.694,9.21
09.08.2021 09:51:45.683,9.68
09.08.2021 09:51:46.674,9.68
09.08.2021 09:51:47.695,9.76
09.08.2021 09:51:48.683,10.44
09.08.2021 09:51:49.675,10.44
09.08.2021 09:51:50.695,14.06
09.08.2021 09:51:51.684,14.06
09.08.2021 09:51:52.674,14.06
09.08.2021 09:51:53.695,13.97
09.08.2021 09:51:54.684,13.97
09.08.2021 09:51:55.674,3.57
09.08.2021 09:51:56.694,3.57
09.08.2021 09:51:57.684,0.24
09.08.2021 09:51:58.674,0.27
09.08.2021 09:51:59.695,19.59
09.08.2021 09:52:00.685,22.71
09.08.2021 09:52:01.675,26.90
09.08.2021 09:52:02.694,26.90
09.08.2021 09:52:03.687,22.34
09.08.2021 09:52:04.674,17.02
09.08.2021 09:52:05.694,0.37
09.08.2021 09:52:06.684,0.37
09.08.2021 09:52:07.675,-0.13
09.08.2021 09:52:08.695,-6.08
09.08.2021 09:52:09.683,-4.81
09.08.2021 09:52:10.675,-4.40
09.08.2021 09:52:11.694,0.15
09.08.2021 09:52:12.685,0.15
09.08.2021 09:52:13.672,0.16
09.08.2021 09:52:14.691,2.01
09.08.2021 09:52:15.682,2.17
09.08.2021 09:52:16.672,2.17
09.08.2021 09:52:17.694,2.17
09.08.2021 09:52:18.685,0.25
09.08.2021 09:52:19.675,0.25
09.08.2021 09:52:20.692,27.25
09.08.2021 09:52:21.686,27.40
09.08.2021 09:52:22.675,27.40
09.08.2021 09:52:23.695,25.05
09.08.2021 09:52:24.686,21.32
09.08.2021 09:52:25.675,19.15
09.08.2021 09:52:26.696,17.73
09.08.2021 09:52:27.685,15.54
09.08.2021 09:52:28.676,14.23
09.08.2021 09:52:29.695,13.75
09.08.2021 09:52:30.686,12.90
09.08.2021 09:52:31.672,12.76
09.08.2021 09:52:32.668,12.97
09.08.2021 09:52:33.686,12.97
09.08.2021 09:52:34.675,0.43
09.08.2021 09:52:35.696,0.43
09.08.2021 09:52:36.682,0.43
09.08.2021 09:52:37.675,0.43
09.08.2021 09:52:38.696,0.43
09.08.2021 09:52:39.685,0.39
09.08.2021 09:52:40.675,0.39
09.08.2021 09:52:41.696,0.35
09.08.2021 09:52:42.686,0.30
09.08.2021 09:52:43.675,0.27
09.08.2021 09:52:44.696,0.26
09.08.2021 09:52:45.686,0.23
09.08.2021 09:52:46.675,-3.81
09.08.2021 09:52:47.696,-2.24
09.08.2021 09:52:48.686,0.12
09.08.2021 09:52:49.676,0.12
09.08.2021 09:52:50.695,0.06
09.08.2021 09:52:51.687,0.07
09.08.2021 09:52:52.676,0.07
09.08.2021 09:52:53.695,3.49
09.08.2021 09:52:54.686,3.49
09.08.2021 09:52:55.676,13.47
09.08.2021 09:52:56.696,24.71
09.08.2021 09:52:57.686,24.71
09.08.2021 09:52:58.676,24.71
09.08.2021 09:52:59.696,3.04
09.08.2021 09:53:00.686,7.30
09.08.2021 09:53:01.676,13.25
09.08.2021 09:53:02.697,27.30
09.08.2021 09:53:03.685,27.38
09.08.2021 09:53:04.676,27.38
09.08.2021 09:53:05.696,6.05
09.08.2021 09:53:06.687,6.05
09.08.2021 09:53:07.676,6.89
09.08.2021 09:53:08.697,6.89
09.08.2021 09:53:09.688,0.37
09.08.2021 09:53:10.677,0.37
09.08.2021 09:53:11.698,0.34
09.08.2021 09:53:12.688,0.33
09.08.2021 09:53:13.677,0.33
09.08.2021 09:53:14.697,0.14
09.08.2021 09:53:15.688,0.74
09.08.2021 09:53:16.676,13.39
09.08.2021 09:53:17.696,13.39
09.08.2021 09:53:18.686,26.53
09.08.2021 09:53:19.676,26.53
09.08.2021 09:53:20.698,26.53
09.08.2021 09:53:21.687,26.53
09.08.2021 09:53:22.678,0.42
09.08.2021 09:53:23.696,12.05
09.08.2021 09:53:24.688,12.05
09.08.2021 09:53:25.677,5.58
09.08.2021 09:53:26.697,0.35
09.08.2021 09:53:27.689,0.32
09.08.2021 09:53:28.681,0.32
09.08.2021 09:53:29.697,0.31
09.08.2021 09:53:30.688,0.28
09.08.2021 09:53:31.679,0.24
09.08.2021 09:53:32.697,0.24
09.08.2021 09:53:33.689,0.26
09.08.2021 09:53:34.679,0.26
09.08.2021 09:53:35.698,0.22
09.08.2021 09:53:36.688,0.22
09.08.2021 09:53:37.676,0.22
09.08.2021 09:53:38.698,0.16
09.08.2021 09:53:39.690,0.16
09.08.2021 09:53:40.678,27.59
09.08.2021 09:53:41.697,27.59
09.08.2021 09:53:42.687,27.59
09.08.2021 09:53:43.678,24.74
09.08.2021 09:53:44.700,7.07
09.08.2021 09:53:45.688,5.28
09.08.2021 09:53:46.677,2.44
09.08.2021 09:53:47.699,2.65
09.08.2021 09:53:48.689,3.48
09.08.2021 09:53:49.677,3.77
09.08.2021 09:53:50.700,3.91
09.08.2021 09:53:51.687,3.91
09.08.2021 09:53:52.737,0.30
09.08.2021 09:53:53.699,0.27
09.08.2021 09:53:54.689,0.27
09.08.2021 09:53:55.677,0.27
09.08.2021 09:53:56.699,0.21
09.08.2021 09:53:56.939,0.21
09.08.2021 09:53:57.688,0.22
09.08.2021 09:53:58.678,0.22
09.08.2021 09:53:59.699,0.22
09.08.2021 09:54:00.689,0.16
09.08.2021 09:54:01.678,0.16
09.08.2021 09:54:02.698,3.00
09.08.2021 09:54:03.689,7.90
09.08.2021 09:54:04.678,7.90
09.08.2021 09:54:05.698,10.66
09.08.2021 09:54:06.690,16.88
09.08.2021 09:54:07.678,16.88
09.08.2021 09:54:08.699,14.21
09.08.2021 09:54:09.689,16.33
09.08.2021 09:54:10.679,16.51
09.08.2021 09:54:11.698,18.34
09.08.2021 09:54:12.689,18.34
09.08.2021 09:54:13.678,14.60
09.08.2021 09:54:14.699,12.71
09.08.2021 09:54:15.689,26.23
09.08.2021 09:54:16.677,26.23
09.08.2021 09:54:17.699,0.35
09.08.2021 09:54:18.690,0.33
09.08.2021 09:54:19.681,0.33
09.08.2021 09:54:20.701,-5.56
09.08.2021 09:54:21.689,-0.75
09.08.2021 09:54:22.679,0.27
09.08.2021 09:54:23.700,0.27
09.08.2021 09:54:24.690,-4.43
09.08.2021 09:54:25.679,-0.43
09.08.2021 09:54:26.699,0.17
09.08.2021 09:54:27.689,5.74
09.08.2021 09:54:28.679,11.11
09.08.2021 09:54:29.699,11.11
09.08.2021 09:54:30.689,14.08
09.08.2021 09:54:31.678,14.08
09.08.2021 09:54:32.700,0.26
09.08.2021 09:54:33.690,0.27
09.08.2021 09:54:34.679,1.14
09.08.2021 09:54:35.699,11.52
09.08.2021 09:54:36.690,18.60
09.08.2021 09:54:37.677,25.68
09.08.2021 09:54:38.669,25.91
09.08.2021 09:54:39.689,25.91
09.08.2021 09:54:40.680,24.91
09.08.2021 09:54:41.699,24.91
09.08.2021 09:54:42.689,19.47
09.08.2021 09:54:43.679,18.57
09.08.2021 09:54:44.699,0.05
09.08.2021 09:54:45.689,-11.39
09.08.2021 09:54:46.683,-10.19
09.08.2021 09:54:47.700,-7.75
09.08.2021 09:54:48.689,-2.96
09.08.2021 09:54:49.680,0.20
09.08.2021 09:54:50.699,0.29
09.08.2021 09:54:51.690,10.33
09.08.2021 09:54:52.676,17.81
09.08.2021 09:54:53.699,18.01
09.08.2021 09:54:54.690,18.01
09.08.2021 09:54:55.678,19.51
09.08.2021 09:54:56.700,19.51
09.08.2021 09:54:57.691,0.39
09.08.2021 09:54:58.679,0.39
09.08.2021 09:54:59.696,0.39
09.08.2021 09:55:00.689,0.31
09.08.2021 09:55:01.679,0.31
09.08.2021 09:55:02.696,0.31
09.08.2021 09:55:03.689,0.26
09.08.2021 09:55:04.679,0.25
09.08.2021 09:55:05.697,0.25
09.08.2021 09:55:06.688,0.25
09.08.2021 09:55:07.677,0.16
09.08.2021 09:55:08.696,0.16
09.08.2021 09:55:09.689,0.70
09.08.2021 09:55:10.676,0.70
09.08.2021 09:55:11.699,0.05
09.08.2021 09:55:12.687,0.03
09.08.2021 09:55:13.677,0.03
09.08.2021 09:55:14.698,0.02
09.08.2021 09:55:15.688,1.51
09.08.2021 09:55:16.677,5.41
09.08.2021 09:55:17.700,5.68
09.08.2021 09:55:18.689,5.68
09.08.2021 09:55:19.683,5.68
09.08.2021 09:55:20.699,10.33
09.08.2021 09:55:21.689,10.33
09.08.2021 09:55:22.678,7.97
09.08.2021 09:55:23.700,7.97
09.08.2021 09:55:24.689,8.06
09.08.2021 09:55:25.681,8.41
09.08.2021 09:55:26.699,8.86
09.08.2021 09:55:27.689,9.18
09.08.2021 09:55:28.680,14.56
09.08.2021 09:55:29.700,14.56
09.08.2021 09:55:30.689,13.28
09.08.2021 09:55:31.680,13.28
09.08.2021 09:55:32.697,13.28
09.08.2021 09:55:33.689,0.37
09.08.2021 09:55:34.800,0.37
09.08.2021 09:55:35.702,0.35
09.08.2021 09:55:36.690,0.34
09.08.2021 09:55:37.680,0.31
09.08.2021 09:55:38.699,0.29
09.08.2021 09:55:39.690,0.29
09.08.2021 09:55:40.680,0.28
09.08.2021 09:55:41.700,3.94
09.08.2021 09:55:42.687,3.94
09.08.2021 09:55:43.680,1.73
09.08.2021 09:55:44.700,1.73
09.08.2021 09:55:45.690,0.25
09.08.2021 09:55:46.680,0.24
09.08.2021 09:55:47.700,0.21
09.08.2021 09:55:48.691,-2.98
09.08.2021 09:55:49.680,0.11
09.08.2021 09:55:50.700,5.33
09.08.2021 09:55:51.690,8.17
09.08.2021 09:55:52.678,12.70
09.08.2021 09:55:53.700,16.55
09.08.2021 09:55:54.688,17.04
09.08.2021 09:55:55.681,18.60
09.08.2021 09:55:56.700,26.42
09.08.2021 09:55:57.691,26.42
09.08.2021 09:55:58.681,26.42
09.08.2021 09:55:59.701,0.41
09.08.2021 09:56:00.690,0.35
09.08.2021 09:56:01.681,0.35
09.08.2021 09:56:02.696,-5.42
09.08.2021 09:56:03.691,-0.54
09.08.2021 09:56:04.681,4.94
09.08.2021 09:56:05.701,6.65
09.08.2021 09:56:06.691,10.93
09.08.2021 09:56:07.681,10.93
09.08.2021 09:56:08.668,5.70
09.08.2021 09:56:09.691,4.49
09.08.2021 09:56:10.682,5.82
09.08.2021 09:56:11.702,11.52
09.08.2021 09:56:12.689,11.52
09.08.2021 09:56:13.681,8.69
09.08.2021 09:56:14.701,0.30
09.08.2021 09:56:15.691,0.30
09.08.2021 09:56:16.682,0.45
09.08.2021 09:56:17.701,12.76
09.08.2021 09:56:18.692,12.76
09.08.2021 09:56:19.682,15.04
09.08.2021 09:56:20.701,15.14
09.08.2021 09:56:21.692,15.14
09.08.2021 09:56:22.678,15.14
09.08.2021 09:56:23.702,-6.58
09.08.2021 09:56:24.691,0.62
09.08.2021 09:56:25.681,0.62
09.08.2021 09:56:26.702,0.22
09.08.2021 09:56:26.941,0.21
09.08.2021 09:56:27.692,0.21
09.08.2021 09:56:28.681,0.21
09.08.2021 09:56:29.701,4.85
09.08.2021 09:56:30.691,7.85
09.08.2021 09:56:31.682,9.19
09.08.2021 09:56:32.699,9.19
09.08.2021 09:56:33.692,8.52
09.08.2021 09:56:34.682,0.24
09.08.2021 09:56:35.702,0.21
09.08.2021 09:56:36.812,3.53
09.08.2021 09:56:37.685,3.96
09.08.2021 09:56:38.702,5.59
09.08.2021 09:56:39.693,24.52
09.08.2021 09:56:40.684,24.52
09.08.2021 09:56:41.702,24.52
09.08.2021 09:56:42.693,5.47
09.08.2021 09:56:43.683,6.77
09.08.2021 09:56:44.704,15.63
09.08.2021 09:56:45.693,15.63
09.08.2021 09:56:46.684,7.08
09.08.2021 09:56:47.705,0.20
09.08.2021 09:56:48.692,0.19
09.08.2021 09:56:49.683,0.32
09.08.2021 09:56:50.703,0.32
09.08.2021 09:56:51.693,0.29
09.08.2021 09:56:52.683,0.30
09.08.2021 09:56:53.704,0.30
09.08.2021 09:56:54.694,0.28
09.08.2021 09:56:55.683,0.28
09.08.2021 09:56:56.703,0.24
09.08.2021 09:56:57.694,0.24
09.08.2021 09:56:58.683,0.21
09.08.2021 09:56:59.703,4.38
09.08.2021 09:57:00.694,6.37
09.08.2021 09:57:01.683,6.37
09.08.2021 09:57:02.705,13.72
09.08.2021 09:57:03.695,15.32
09.08.2021 09:57:04.684,15.32
09.08.2021 09:57:05.703,15.12
09.08.2021 09:57:06.692,0.34
09.08.2021 09:57:07.682,0.34
09.08.2021 09:57:08.702,-5.30
09.08.2021 09:57:09.693,-0.27
09.08.2021 09:57:10.684,0.21
09.08.2021 09:57:11.830,0.21
09.08.2021 09:57:12.693,0.74
09.08.2021 09:57:13.684,7.30
09.08.2021 09:57:14.703,7.30
09.08.2021 09:57:15.693,15.79
09.08.2021 09:57:16.683,16.41
09.08.2021 09:57:17.701,27.27
09.08.2021 09:57:17.942,27.27
09.08.2021 09:57:18.693,27.27
09.08.2021 09:57:19.684,26.07
09.08.2021 09:57:20.673,0.37
09.08.2021 09:57:21.694,0.37
09.08.2021 09:57:22.685,0.37
09.08.2021 09:57:23.673,0.37
09.08.2021 09:57:24.694,7.93
09.08.2021 09:57:25.684,9.17
09.08.2021 09:57:26.673,9.17
09.08.2021 09:57:27.695,0.48
09.08.2021 09:57:28.685,0.48
09.08.2021 09:57:29.673,-2.60
09.08.2021 09:57:30.695,-2.60
09.08.2021 09:57:31.684,-1.45
09.08.2021 09:57:32.674,-1.45
09.08.2021 09:57:33.694,-0.99
09.08.2021 09:57:34.684,0.09
09.08.2021 09:57:35.704,2.72
09.08.2021 09:57:36.696,3.34
09.08.2021 09:57:37.685,3.34
09.08.2021 09:57:38.703,3.02
09.08.2021 09:57:39.693,4.14
09.08.2021 09:57:40.684,4.14
09.08.2021 09:57:41.703,18.00
09.08.2021 09:57:42.693,18.00
09.08.2021 09:57:43.804,15.10
09.08.2021 09:57:44.704,0.24
09.08.2021 09:57:45.693,3.24
09.08.2021 09:57:46.685,17.38
09.08.2021 09:57:47.704,17.38
09.08.2021 09:57:48.694,15.65
09.08.2021 09:57:49.684,0.35
09.08.2021 09:57:50.704,0.34
09.08.2021 09:57:51.693,0.27
09.08.2021 09:57:52.685,0.27
09.08.2021 09:57:53.704,-3.41
09.08.2021 09:57:54.695,-2.10
09.08.2021 09:57:55.684,-0.32
09.08.2021 09:57:56.704,0.07
09.08.2021 09:57:57.695,0.07
09.08.2021 09:57:58.685,2.16
09.08.2021 09:57:59.704,2.16
09.08.2021 09:58:00.695,2.16
09.08.2021 09:58:01.684,1.06
09.08.2021 09:58:02.707,1.06
09.08.2021 09:58:03.695,10.11
09.08.2021 09:58:04.686,10.11
09.08.2021 09:58:05.705,13.40
09.08.2021 09:58:06.694,20.04
09.08.2021 09:58:07.685,27.36
09.08.2021 09:58:08.705,27.36
09.08.2021 09:58:09.692,27.02
09.08.2021 09:58:10.685,22.03
09.08.2021 09:58:11.705,19.04
09.08.2021 09:58:12.695,16.35
09.08.2021 09:58:13.686,8.90
09.08.2021 09:58:14.705,0.47
09.08.2021 09:58:15.695,0.42
09.08.2021 09:58:16.686,-0.48
09.08.2021 09:58:17.705,-6.99
09.08.2021 09:58:18.696,-9.10
09.08.2021 09:58:19.684,0.23
09.08.2021 09:58:20.705,0.23
09.08.2021 09:58:21.696,2.19
09.08.2021 09:58:22.682,10.64
09.08.2021 09:58:23.705,19.23
09.08.2021 09:58:24.696,19.23
09.08.2021 09:58:25.682,0.27
09.08.2021 09:58:26.705,17.76
09.08.2021 09:58:27.695,22.93
09.08.2021 09:58:28.682,22.93
09.08.2021 09:58:29.705,16.06
09.08.2021 09:58:30.693,18.71
09.08.2021 09:58:31.682,18.71
09.08.2021 09:58:32.705,0.40
09.08.2021 09:58:33.692,0.22
09.08.2021 09:58:34.681,0.21
09.08.2021 09:58:35.701,0.21
09.08.2021 09:58:36.692,26.78
09.08.2021 09:58:37.685,26.78
09.08.2021 09:58:38.703,26.78
09.08.2021 09:58:39.692,14.12
09.08.2021 09:58:40.684,26.81
09.08.2021 09:58:41.702,26.81
09.08.2021 09:58:42.693,26.81
09.08.2021 09:58:43.686,21.29
09.08.2021 09:58:44.702,19.46
09.08.2021 09:58:45.696,8.75
09.08.2021 09:58:46.686,19.10
09.08.2021 09:58:47.702,19.10
09.08.2021 09:58:48.696,17.42
09.08.2021 09:58:49.686,13.79
09.08.2021 09:58:50.704,11.79
09.08.2021 09:58:51.785,11.50
09.08.2021 09:58:52.685,11.50
09.08.2021 09:58:53.706,0.41
09.08.2021 09:58:54.697,0.44
09.08.2021 09:58:55.686,0.44
09.08.2021 09:58:56.706,0.44
09.08.2021 09:58:57.697,-8.25
09.08.2021 09:58:58.685,0.32
09.08.2021 09:58:59.706,0.32
09.08.2021 09:59:00.696,18.50
09.08.2021 09:59:01.686,18.50
09.08.2021 09:59:02.706,8.37
09.08.2021 09:59:03.696,-1.76
09.08.2021 09:59:04.686,-3.90
09.08.2021 09:59:05.707,-0.27
09.08.2021 09:59:06.697,0.16
09.08.2021 09:59:07.688,0.30
09.08.2021 09:59:08.706,3.98
09.08.2021 09:59:09.695,22.28
09.08.2021 09:59:10.686,27.52
09.08.2021 09:59:11.796,27.52
09.08.2021 09:59:12.697,8.43
09.08.2021 09:59:13.685,1.37
09.08.2021 09:59:14.708,2.38
09.08.2021 09:59:15.697,5.48
09.08.2021 09:59:16.686,5.48
09.08.2021 09:59:17.707,5.48
09.08.2021 09:59:18.697,5.48
09.08.2021 09:59:19.689,4.99
09.08.2021 09:59:20.706,4.99
09.08.2021 09:59:21.698,9.68
09.08.2021 09:59:22.687,27.43
09.08.2021 09:59:23.706,27.43
09.08.2021 09:59:24.698,25.48
09.08.2021 09:59:25.684,21.47
09.08.2021 09:59:26.708,0.42
09.08.2021 09:59:27.697,0.44
09.08.2021 09:59:28.686,0.44
09.08.2021 09:59:29.707,0.42
09.08.2021 09:59:30.697,0.34
09.08.2021 09:59:31.686,0.34
09.08.2021 09:59:32.708,4.59
09.08.2021 09:59:33.696,4.59
09.08.2021 09:59:34.687,11.63
09.08.2021 09:59:35.708,11.63
09.08.2021 09:59:36.697,11.51
09.08.2021 09:59:37.687,11.51
09.08.2021 09:59:38.707,11.51
09.08.2021 09:59:39.693,1.59
09.08.2021 09:59:40.686,0.37
09.08.2021 09:59:41.706,0.34
09.08.2021 09:59:42.697,0.33
09.08.2021 09:59:43.687,0.32
09.08.2021 09:59:44.703,0.31
09.08.2021 09:59:45.690,2.79
09.08.2021 09:59:46.683,13.13
09.08.2021 09:59:47.706,15.70
09.08.2021 09:59:48.697,15.70
09.08.2021 09:59:49.686,3.78
09.08.2021 09:59:50.706,2.95
09.08.2021 09:59:51.697,3.36
09.08.2021 09:59:52.687,3.36
09.08.2021 09:59:53.704,6.92
09.08.2021 09:59:54.697,6.92
09.08.2021 09:59:55.686,6.92
09.08.2021 09:59:56.706,0.27
09.08.2021 09:59:57.697,0.27
09.08.2021 09:59:58.687,-3.37
09.08.2021 09:59:59.706,-0.73
09.08.2021 10:00:00.695,-0.73
09.08.2021 10:00:01.684,-2.38
09.08.2021 10:00:02.706,0.13
09.08.2021 10:00:03.697,0.13
09.08.2021 10:00:04.686,0.10
09.08.2021 10:00:05.707,0.76
09.08.2021 10:00:06.696,6.87
09.08.2021 10:00:07.687,6.87
09.08.2021 10:00:08.707,20.80
09.08.2021 10:00:09.695,26.11
09.08.2021 10:00:10.686,26.11
09.08.2021 10:00:11.707,21.07
09.08.2021 10:00:12.694,18.88
09.08.2021 10:00:13.686,19.52
09.08.2021 10:00:14.709,19.52
09.08.2021 10:00:15.697,12.33
09.08.2021 10:00:16.684,10.22
09.08.2021 10:00:17.707,10.22
09.08.2021 10:00:18.696,7.49
09.08.2021 10:00:19.687,8.69
09.08.2021 10:00:20.707,12.33
09.08.2021 10:00:21.696,21.63
09.08.2021 10:00:22.686,21.63
09.08.2021 10:00:23.704,20.07
09.08.2021 10:00:24.697,18.73
09.08.2021 10:00:25.687,16.78
09.08.2021 10:00:26.707,0.48
09.08.2021 10:00:27.698,0.48
09.08.2021 10:00:28.687,0.37
09.08.2021 10:00:29.708,-4.49
09.08.2021 10:00:30.699,0.40
09.08.2021 10:00:31.688,0.40
09.08.2021 10:00:32.708,0.29
09.08.2021 10:00:33.698,0.29
09.08.2021 10:00:34.688,5.67
09.08.2021 10:00:35.708,5.67
09.08.2021 10:00:36.695,5.05
09.08.2021 10:00:37.689,19.96
09.08.2021 10:00:38.709,19.96
09.08.2021 10:00:39.697,19.96
09.08.2021 10:00:40.689,10.98
09.08.2021 10:00:41.710,10.42
09.08.2021 10:00:42.697,10.42
09.08.2021 10:00:43.689,0.43
09.08.2021 10:00:44.709,0.40
09.08.2021 10:00:45.698,0.39
09.08.2021 10:00:46.690,0.32
09.08.2021 10:00:47.709,0.30
09.08.2021 10:00:48.698,0.28
09.08.2021 10:00:49.688,0.28
09.08.2021 10:00:50.681,0.24
09.08.2021 10:00:51.695,0.19
09.08.2021 10:00:52.688,0.19
09.08.2021 10:00:53.709,2.56
09.08.2021 10:00:54.699,2.56
09.08.2021 10:00:55.688,2.56
09.08.2021 10:00:56.709,0.10
09.08.2021 10:00:57.699,0.10
09.08.2021 10:00:58.690,3.80
09.08.2021 10:00:59.709,3.80
09.08.2021 10:01:00.699,4.73
09.08.2021 10:01:01.689,4.73
09.08.2021 10:01:02.709,-0.03
09.08.2021 10:01:03.700,0.05
09.08.2021 10:01:04.690,0.05
09.08.2021 10:01:05.715,0.05
09.08.2021 10:01:06.699,0.03
09.08.2021 10:01:07.687,0.03
09.08.2021 10:01:08.672,0.03
09.08.2021 10:01:09.694,0.02
09.08.2021 10:01:10.681,0.02
09.08.2021 10:01:11.703,0.02
09.08.2021 10:01:12.694,0.01
09.08.2021 10:01:12.891,0.01
09.08.2021 10:01:13.746,0.03
09.08.2021 10:01:13.955,0.03
09.08.2021 10:01:14.796,0.03
09.08.2021 10:01:15.010,0.03
09.08.2021 10:01:15.859,0.03
09.08.2021 10:01:17.612,0.02
09.08.2021 10:01:18.693,0.03
09.08.2021 10:01:19.683,0.03
09.08.2021 10:01:20.703,0.03
09.08.2021 10:01:21.689,0.03
09.08.2021 10:01:22.681,0.03
09.08.2021 10:01:23.669,0.03
09.08.2021 10:01:24.689,0.03
09.08.2021 10:01:25.714,0.03
09.08.2021 10:01:26.701,0.02
09.08.2021 10:01:27.690,0.02
09.08.2021 10:01:28.686,0.03
09.08.2021 10:01:29.705,0.03
09.08.2021 10:01:30.692,0.03
09.08.2021 10:01:31.685,0.03
09.08.2021 10:01:32.676,4.08
09.08.2021 10:01:33.692,4.08
09.08.2021 10:01:34.683,0.02
09.08.2021 10:01:35.672,0.03
09.08.2021 10:01:36.692,0.03
09.08.2021 10:01:37.681,0.03
09.08.2021 10:01:38.673,0.03
09.08.2021 10:01:39.692,0.03
09.08.2021 10:01:40.682,0.03
09.08.2021 10:01:41.703,0.03
09.08.2021 10:01:42.844,0.03
09.08.2021 10:01:43.687,0.03
09.08.2021 10:01:43.899,0.02
09.08.2021 10:01:44.794,0.03
09.08.2021 10:01:46.514,0.03
09.08.2021 10:01:46.800,0.03
09.08.2021 10:01:48.293,0.03
09.08.2021 10:01:48.783,0.03
09.08.2021 10:01:49.684,0.03
09.08.2021 10:01:50.676,0.03
09.08.2021 10:01:51.696,0.03
09.08.2021 10:01:52.683,0.03
09.08.2021 10:01:53.703,0.03
09.08.2021 10:01:54.697,0.03
09.08.2021 10:01:55.687,0.03
09.08.2021 10:01:56.676,0.02
09.08.2021 10:01:57.696,0.03
09.08.2021 10:01:58.686,0.03
09.08.2021 10:01:58.955,0.03
09.08.2021 10:01:59.706,0.03
09.08.2021 10:02:00.695,0.03
09.08.2021 10:02:01.687,0.03
09.08.2021 10:02:02.711,0.02
09.08.2021 10:02:02.917,0.02
09.08.2021 10:02:03.697,0.02
09.08.2021 10:02:04.691,0.03
09.08.2021 10:02:05.677,0.03
09.08.2021 10:02:06.694,0.02
09.08.2021 10:02:07.686,0.02
09.08.2021 10:02:07.894,0.03
09.08.2021 10:02:08.676,0.03
09.08.2021 10:02:09.694,0.03
09.08.2021 10:02:10.691,0.04
09.08.2021 10:02:11.805,0.04
09.08.2021 10:02:12.704,0.04
09.08.2021 10:02:17.066,0.03
09.08.2021 10:02:18.716,0.03
09.08.2021 10:02:19.217,0.03
09.08.2021 10:02:20.969,0.03
09.08.2021 10:02:21.861,0.03
09.08.2021 10:02:24.045,0.03
09.08.2021 10:02:26.126,0.02
09.08.2021 10:02:26.545,0.02
09.08.2021 10:02:27.281,0.02
09.08.2021 10:02:28.644,0.02
09.08.2021 10:02:28.991,0.02
09.08.2021 10:02:29.434,0.02
09.08.2021 10:02:29.679,0.02
09.08.2021 10:02:31.094,0.02
09.08.2021 10:02:31.591,0.02
09.08.2021 10:02:32.499,0.02
09.08.2021 10:02:33.007,0.03
09.08.2021 10:02:35.458,0.03
09.08.2021 10:02:35.830,0.03
09.08.2021 10:02:36.698,0.03
09.08.2021 10:02:37.688,0.03
09.08.2021 10:02:38.709,0.03
09.08.2021 10:02:39.701,0.02
09.08.2021 10:02:40.691,0.03
09.08.2021 10:02:41.831,0.03
09.08.2021 10:02:42.703,0.03
09.08.2021 10:02:43.692,0.03
09.08.2021 10:02:44.705,0.03
09.08.2021 10:02:45.699,0.02
09.08.2021 10:02:49.742,0.02
09.08.2021 10:02:50.041,0.02
09.08.2021 10:02:57.004,0.03
09.08.2021 10:03:00.922,0.03
09.08.2021 10:03:01.502,0.03
09.08.2021 10:03:01.861,0.03
09.08.2021 10:03:02.710,0.04
09.08.2021 10:03:03.697,0.04
09.08.2021 10:03:19.725,0.03
09.08.2021 10:03:20.920,0.03
09.08.2021 10:03:21.420,0.03
09.08.2021 10:03:21.664,0.03
09.08.2021 10:03:21.889,0.03
09.08.2021 10:03:22.862,0.02
09.08.2021 10:03:23.612,0.02
09.08.2021 10:03:23.841,0.02
09.08.2021 10:03:24.602,0.02
09.08.2021 10:03:25.624,0.02
09.08.2021 10:03:25.862,0.02
09.08.2021 10:03:26.651,0.03
09.08.2021 10:03:29.761,0.03
09.08.2021 10:03:30.297,0.03
09.08.2021 10:03:30.537,0.03
09.08.2021 10:03:30.870,0.03
09.08.2021 10:03:31.628,0.03
09.08.2021 10:03:32.615,0.02
09.08.2021 10:03:32.843,0.02
09.08.2021 10:05:06.820,0.03
09.08.2021 10:05:09.009,0.03
09.08.2021 10:05:09.253,0.03
09.08.2021 10:05:09.526,0.03
09.08.2021 10:05:14.121,0.03
09.08.2021 10:05:14.337,0.02
09.08.2021 10:05:14.569,0.02
09.08.2021 10:05:15.496,0.02
09.08.2021 10:05:16.523,0.02
09.08.2021 10:05:17.518,0.03
09.08.2021 10:05:23.027,0.03
09.08.2021 10:05:23.513,8.95
09.08.2021 10:05:23.740,8.95
09.08.2021 10:05:24.597,6.94
09.08.2021 10:05:24.817,6.94
09.08.2021 10:05:25.585,0.21
09.08.2021 10:05:25.795,0.21
09.08.2021 10:05:26.604,0.21
09.08.2021 10:05:27.595,0.17
09.08.2021 10:05:27.810,0.37
09.08.2021 10:05:28.588,0.37
09.08.2021 10:05:29.604,0.37
09.08.2021 10:05:29.832,0.37
09.08.2021 10:05:30.591,15.91
09.08.2021 10:05:30.798,17.76
09.08.2021 10:05:31.585,17.76
09.08.2021 10:05:32.635,17.76
09.08.2021 10:05:33.595,17.76
09.08.2021 10:05:34.588,17.76
09.08.2021 10:05:34.798,17.76
09.08.2021 10:05:35.605,17.76
09.08.2021 10:05:35.832,-0.91
09.08.2021 10:05:36.595,-0.91
09.08.2021 10:05:36.818,0.12
09.08.2021 10:05:37.613,0.12
09.08.2021 10:05:38.605,0.12
09.08.2021 10:05:39.595,-0.64
09.08.2021 10:05:40.616,-0.86
09.08.2021 10:05:41.549,0.06
09.08.2021 10:05:41.778,0.06
09.08.2021 10:05:42.598,0.07
09.08.2021 10:05:42.828,0.07
09.08.2021 10:05:43.615,0.03
09.08.2021 10:05:43.844,0.03
09.08.2021 10:05:44.609,0.02
09.08.2021 10:05:44.834,0.03
09.08.2021 10:05:45.532,0.03
09.08.2021 10:05:46.578,0.03
09.08.2021 10:05:47.517,0.02
09.08.2021 10:05:48.531,0.02
09.08.2021 10:05:49.575,0.02
09.08.2021 10:05:50.517,0.03
09.08.2021 10:05:51.526,0.03
09.08.2021 10:05:52.528,0.03
09.08.2021 10:05:53.516,0.03
09.08.2021 10:05:54.534,0.03
09.08.2021 10:05:55.521,0.03
09.08.2021 10:05:56.514,0.03
09.08.2021 10:05:57.505,0.02
09.08.2021 10:05:58.528,0.02
09.08.2021 10:05:59.515,0.02
09.08.2021 10:06:00.538,0.03
09.08.2021 10:06:01.528,0.03
09.08.2021 10:06:02.518,0.03
09.08.2021 10:06:03.536,0.03
09.08.2021 10:06:04.527,0.03
09.08.2021 10:06:05.516,0.03
09.08.2021 10:06:06.639,0.02
09.08.2021 10:06:07.523,0.03
09.08.2021 10:06:08.512,0.03
09.08.2021 10:06:10.126,0.03
09.08.2021 10:06:10.521,0.03
09.08.2021 10:06:11.597,0.03
09.08.2021 10:06:12.537,0.03
09.08.2021 10:06:13.519,0.03
09.08.2021 10:06:14.514,0.03
09.08.2021 10:06:15.531,0.03
09.08.2021 10:06:16.524,0.03
09.08.2021 10:06:17.544,0.03
09.08.2021 10:06:18.835,0.02
09.08.2021 10:06:19.522,0.02
09.08.2021 10:06:20.517,0.02
09.08.2021 10:06:21.535,0.03
09.08.2021 10:06:22.522,0.03
09.08.2021 10:06:23.510,0.03
09.08.2021 10:06:25.187,0.03
09.08.2021 10:06:25.555,0.02
09.08.2021 10:06:25.764,0.02
09.08.2021 10:06:26.604,0.03
09.08.2021 10:06:27.502,0.03
09.08.2021 10:06:28.516,0.03
09.08.2021 10:06:29.513,0.03
09.08.2021 10:06:30.504,0.03
09.08.2021 10:06:31.853,0.02
09.08.2021 10:06:32.516,0.02
09.08.2021 10:06:33.533,0.02
09.08.2021 10:06:34.528,0.02
09.08.2021 10:06:35.519,0.02
09.08.2021 10:06:36.535,0.03
09.08.2021 10:06:37.526,0.03
09.08.2021 10:06:38.719,0.03
09.08.2021 10:06:39.564,0.01
09.08.2021 10:06:40.554,0.01
09.08.2021 10:06:42.167,0.02
09.08.2021 10:06:42.534,0.02
09.08.2021 10:06:42.745,0.02
09.08.2021 10:06:43.607,0.02
09.08.2021 10:06:43.815,0.02
09.08.2021 10:06:44.515,0.03
09.08.2021 10:06:45.533,0.03
09.08.2021 10:06:46.642,0.03
09.08.2021 10:06:47.517,0.03
09.08.2021 10:06:48.539,0.03
09.08.2021 10:06:49.520,0.03
09.08.2021 10:06:50.508,0.03
09.08.2021 10:06:53.027,0.03
09.08.2021 10:06:53.515,0.03
09.08.2021 10:06:54.624,0.03
09.08.2021 10:06:55.522,0.02
09.08.2021 10:06:56.511,0.02
09.08.2021 10:06:57.498,0.03
09.08.2021 10:06:58.913,0.03
09.08.2021 10:06:59.572,0.03
09.08.2021 10:07:00.528,0.03
09.08.2021 10:07:01.526,0.03
09.08.2021 10:07:02.512,0.03
09.08.2021 10:07:03.498,0.03
09.08.2021 10:07:04.524,0.03
09.08.2021 10:07:05.518,0.03
09.08.2021 10:07:06.770,0.03
09.08.2021 10:07:07.524,0.03
09.08.2021 10:07:08.516,0.02
09.08.2021 10:07:09.501,0.02
09.08.2021 10:07:10.521,0.03
09.08.2021 10:07:11.517,0.03
09.08.2021 10:07:12.538,0.03
09.08.2021 10:07:13.529,0.03
09.08.2021 10:07:14.517,0.03
09.08.2021 10:07:15.540,0.03
09.08.2021 10:07:16.528,0.03
09.08.2021 10:07:17.517,0.02
09.08.2021 10:07:18.541,0.02
09.08.2021 10:07:19.532,0.03
09.08.2021 10:07:20.516,0.03
09.08.2021 10:07:21.564,0.03
09.08.2021 10:07:22.557,0.03
09.08.2021 10:07:23.547,0.03
09.08.2021 10:07:24.508,0.03
09.08.2021 10:07:25.524,0.03
09.08.2021 10:07:26.515,0.03
09.08.2021 10:07:27.533,0.03
09.08.2021 10:07:28.528,0.03
09.08.2021 10:07:29.509,0.03
09.08.2021 10:07:30.538,0.03
09.08.2021 10:07:31.523,0.03
09.08.2021 10:07:32.514,0.02
09.08.2021 10:07:33.538,0.02
09.08.2021 10:07:34.526,0.02
09.08.2021 10:07:35.516,0.03
09.08.2021 10:07:36.535,0.03
09.08.2021 10:07:37.524,0.03
09.08.2021 10:07:38.876,0.03
09.08.2021 10:07:39.530,0.03
09.08.2021 10:07:40.522,0.03
09.08.2021 10:07:41.517,0.03
09.08.2021 10:07:42.531,0.03
09.08.2021 10:07:43.527,0.02
09.08.2021 10:07:44.517,0.03
09.08.2021 10:07:45.508,0.03
09.08.2021 10:07:46.526,0.03
09.08.2021 10:07:47.510,0.03
09.08.2021 10:07:48.502,0.03
09.08.2021 10:07:49.518,0.03
09.08.2021 10:07:50.512,0.03
09.08.2021 10:07:51.502,0.03
09.08.2021 10:07:52.563,1.84
09.08.2021 10:07:53.514,4.07
09.08.2021 10:07:54.502,8.43
09.08.2021 10:07:55.522,8.43
09.08.2021 10:07:56.513,6.69
09.08.2021 10:07:57.501,6.69
09.08.2021 10:07:58.523,-1.91
09.08.2021 10:07:59.512,0.12
09.08.2021 10:08:00.502,1.40
09.08.2021 10:08:01.522,1.40
09.08.2021 10:08:02.550,2.99
09.08.2021 10:08:03.502,2.99
09.08.2021 10:08:04.524,2.21
09.08.2021 10:08:05.541,0.81
09.08.2021 10:08:06.531,0.79
09.08.2021 10:08:07.523,2.05
09.08.2021 10:08:08.515,2.05
09.08.2021 10:08:09.500,0.22
09.08.2021 10:08:10.524,-0.10
09.08.2021 10:08:11.514,0.07
09.08.2021 10:08:12.569,0.07
09.08.2021 10:08:13.520,0.05
09.08.2021 10:08:14.514,0.03
09.08.2021 10:08:15.501,0.03
09.08.2021 10:08:16.518,0.02
09.08.2021 10:08:17.512,0.02
09.08.2021 10:08:18.530,0.02
09.08.2021 10:08:19.590,0.03
09.08.2021 10:08:20.517,0.04
09.08.2021 10:08:21.502,0.04
09.08.2021 10:08:21.649,0.03
09.08.2021 10:08:22.525,0.03
09.08.2021 10:08:23.784,0.03
09.08.2021 10:08:24.503,0.03
09.08.2021 10:08:25.523,0.03
09.08.2021 10:08:26.510,0.03
09.08.2021 10:08:27.564,0.03
09.08.2021 10:08:28.555,0.03
09.08.2021 10:08:28.708,0.03
09.08.2021 10:08:29.660,0.03
09.08.2021 10:08:30.537,0.03
09.08.2021 10:08:31.526,0.03
09.08.2021 10:08:32.517,0.03
09.08.2021 10:08:32.731,0.03
09.08.2021 10:08:33.501,0.03
09.08.2021 10:08:34.524,0.03
09.08.2021 10:08:35.510,0.03
09.08.2021 10:08:36.536,0.03
09.08.2021 10:08:38.376,0.03
09.08.2021 10:08:38.632,0.02
09.08.2021 10:08:39.541,0.03
09.08.2021 10:08:40.526,0.03
09.08.2021 10:08:41.512,0.03
09.08.2021 10:08:42.531,1.81
09.08.2021 10:08:43.522,7.57
09.08.2021 10:08:44.516,8.65
09.08.2021 10:08:45.502,8.65
09.08.2021 10:08:46.518,2.86
09.08.2021 10:08:47.513,1.65
09.08.2021 10:08:48.534,3.46
09.08.2021 10:08:49.526,13.92
09.08.2021 10:08:50.515,13.92
09.08.2021 10:08:51.531,13.92
09.08.2021 10:08:52.523,0.24
09.08.2021 10:08:53.518,-3.29
09.08.2021 10:08:54.536,-3.52
09.08.2021 10:08:55.526,-2.09
09.08.2021 10:08:56.517,0.19
09.08.2021 10:08:57.503,0.19
09.08.2021 10:08:58.527,0.05
09.08.2021 10:08:59.519,0.05
09.08.2021 10:09:00.531,0.02
09.08.2021 10:09:01.523,0.03
09.08.2021 10:09:02.512,0.03
09.08.2021 10:09:03.531,0.03
09.08.2021 10:09:04.524,0.03
09.08.2021 10:09:05.514,0.03
09.08.2021 10:09:06.504,0.03
09.08.2021 10:09:07.524,0.03
09.08.2021 10:09:08.513,0.03
09.08.2021 10:09:09.504,0.03
09.08.2021 10:09:10.554,0.03
09.08.2021 10:09:11.544,0.03
09.08.2021 10:09:12.507,0.03
09.08.2021 10:09:13.527,0.03
09.08.2021 10:09:14.515,0.03
09.08.2021 10:09:15.537,5.46
09.08.2021 10:09:16.524,5.46
09.08.2021 10:09:17.515,4.79
09.08.2021 10:09:18.536,2.96
09.08.2021 10:09:19.522,2.24
09.08.2021 10:09:20.514,2.24
09.08.2021 10:09:21.502,0.12
09.08.2021 10:09:22.523,0.75
09.08.2021 10:09:23.515,2.90
09.08.2021 10:09:24.535,3.25
09.08.2021 10:09:25.526,3.25
09.08.2021 10:09:26.514,3.25
09.08.2021 10:09:27.507,3.25
09.08.2021 10:09:28.522,3.25
09.08.2021 10:09:29.516,0.12
09.08.2021 10:09:30.504,0.45
09.08.2021 10:09:31.523,0.45
09.08.2021 10:09:32.515,16.37
09.08.2021 10:09:33.564,16.37
09.08.2021 10:09:34.522,16.48
09.08.2021 10:09:35.515,16.48
09.08.2021 10:09:36.534,3.67
09.08.2021 10:09:37.525,0.22
09.08.2021 10:09:38.516,0.21
09.08.2021 10:09:39.532,13.70
09.08.2021 10:09:40.524,13.70
09.08.2021 10:09:41.520,13.70
09.08.2021 10:09:42.534,4.21
09.08.2021 10:09:43.524,0.21
09.08.2021 10:09:44.513,10.33
09.08.2021 10:09:45.537,10.33
09.08.2021 10:09:46.524,4.77
09.08.2021 10:09:47.513,4.77
09.08.2021 10:09:48.537,0.29
09.08.2021 10:09:49.526,27.25
09.08.2021 10:09:50.514,27.39
09.08.2021 10:09:51.506,27.39
09.08.2021 10:09:52.523,27.29
09.08.2021 10:09:53.513,25.17
09.08.2021 10:09:54.505,19.29
09.08.2021 10:09:55.528,-10.22
09.08.2021 10:09:56.514,-7.36
09.08.2021 10:09:57.507,-5.62
09.08.2021 10:09:58.526,0.17
09.08.2021 10:09:59.514,13.54
09.08.2021 10:10:00.507,13.54
09.08.2021 10:10:01.528,5.15
09.08.2021 10:10:02.512,5.26
09.08.2021 10:10:03.533,6.35
09.08.2021 10:10:04.523,12.44
09.08.2021 10:10:05.514,12.44
09.08.2021 10:10:06.534,12.44
09.08.2021 10:10:07.526,9.58
09.08.2021 10:10:08.513,7.20
09.08.2021 10:10:09.503,0.31
09.08.2021 10:10:10.524,0.31
09.08.2021 10:10:11.515,0.32
09.08.2021 10:10:12.503,0.32
09.08.2021 10:10:13.524,0.28
09.08.2021 10:10:14.515,0.28
09.08.2021 10:10:15.534,0.26
09.08.2021 10:10:16.523,0.24
09.08.2021 10:10:17.519,0.24
09.08.2021 10:10:18.536,0.21
09.08.2021 10:10:19.524,-3.36
09.08.2021 10:10:20.517,-2.04
09.08.2021 10:10:21.538,1.06
09.08.2021 10:10:22.525,1.06
09.08.2021 10:10:23.514,1.06
09.08.2021 10:10:24.505,1.24
09.08.2021 10:10:25.527,1.24
09.08.2021 10:10:26.514,5.31
09.08.2021 10:10:27.534,5.31
09.08.2021 10:10:28.529,8.91
09.08.2021 10:10:29.518,8.91
09.08.2021 10:10:30.538,6.43
09.08.2021 10:10:31.528,6.10
09.08.2021 10:10:32.515,6.34
09.08.2021 10:10:33.509,7.41
09.08.2021 10:10:34.524,8.49
09.08.2021 10:10:35.515,9.26
09.08.2021 10:10:36.624,9.79
09.08.2021 10:10:37.524,9.79
09.08.2021 10:10:38.518,8.86
09.08.2021 10:10:39.509,0.30
09.08.2021 10:10:40.527,4.36
09.08.2021 10:10:41.516,4.36
09.08.2021 10:10:42.537,6.49
09.08.2021 10:10:43.528,6.49
09.08.2021 10:10:44.518,13.01
09.08.2021 10:10:45.539,13.01
09.08.2021 10:10:46.529,13.01
09.08.2021 10:10:47.515,12.12
09.08.2021 10:10:48.534,1.20
09.08.2021 10:10:49.529,3.46
09.08.2021 10:10:50.519,7.69
09.08.2021 10:10:51.541,8.11
09.08.2021 10:10:52.526,8.98
09.08.2021 10:10:53.519,9.07
09.08.2021 10:10:54.540,10.40
09.08.2021 10:10:55.525,13.41
09.08.2021 10:10:56.515,13.41
09.08.2021 10:10:57.504,10.99
09.08.2021 10:10:58.526,9.19
09.08.2021 10:10:59.515,9.68
09.08.2021 10:11:00.538,10.85
09.08.2021 10:11:01.525,10.85
09.08.2021 10:11:02.516,0.33
09.08.2021 10:11:03.539,0.33
09.08.2021 10:11:04.527,-0.01
09.08.2021 10:11:05.518,-5.38
09.08.2021 10:11:06.542,-4.27
09.08.2021 10:11:07.525,0.21
09.08.2021 10:11:08.516,1.07
09.08.2021 10:11:09.535,3.86
09.08.2021 10:11:10.525,3.86
09.08.2021 10:11:11.516,2.88
09.08.2021 10:11:12.539,1.73
09.08.2021 10:11:13.528,4.45
09.08.2021 10:11:14.519,8.08
09.08.2021 10:11:15.509,11.84
09.08.2021 10:11:16.529,23.56
09.08.2021 10:11:17.516,23.56
09.08.2021 10:11:18.505,4.70
09.08.2021 10:11:19.526,4.70
09.08.2021 10:11:20.516,4.13
09.08.2021 10:11:21.535,6.81
09.08.2021 10:11:22.529,7.00
09.08.2021 10:11:23.516,9.19
09.08.2021 10:11:24.536,9.19
09.08.2021 10:11:25.527,9.52
09.08.2021 10:11:26.520,9.52
09.08.2021 10:11:27.541,6.23
09.08.2021 10:11:28.525,9.90
09.08.2021 10:11:29.518,9.90
09.08.2021 10:11:30.539,10.04
09.08.2021 10:11:31.526,10.04
09.08.2021 10:11:32.518,0.35
09.08.2021 10:11:33.535,0.32
09.08.2021 10:11:34.529,0.31
09.08.2021 10:11:35.516,0.31
09.08.2021 10:11:36.541,22.07
09.08.2021 10:11:37.527,22.07
09.08.2021 10:11:38.516,22.07
09.08.2021 10:11:39.506,-7.85
09.08.2021 10:11:39.713,-6.19
09.08.2021 10:11:40.527,-6.19
09.08.2021 10:11:41.515,-2.97
09.08.2021 10:11:42.535,0.11
09.08.2021 10:11:43.529,0.12
09.08.2021 10:11:44.520,3.44
09.08.2021 10:11:45.539,5.33
09.08.2021 10:11:46.527,23.34
09.08.2021 10:11:47.518,27.07
09.08.2021 10:11:48.537,27.07
09.08.2021 10:11:49.529,21.08
09.08.2021 10:11:50.517,21.08
09.08.2021 10:11:51.539,0.32
09.08.2021 10:11:52.527,0.32
09.08.2021 10:11:53.517,0.32
09.08.2021 10:11:54.510,1.53
09.08.2021 10:11:55.531,1.53
09.08.2021 10:11:56.517,0.52
09.08.2021 10:11:57.540,20.09
09.08.2021 10:11:58.529,23.07
09.08.2021 10:11:59.517,23.07
09.08.2021 10:12:00.536,23.07
09.08.2021 10:12:01.526,3.95
09.08.2021 10:12:02.517,0.41
09.08.2021 10:12:03.627,0.37
09.08.2021 10:12:04.528,0.37
09.08.2021 10:12:05.517,0.31
09.08.2021 10:12:06.539,9.40
09.08.2021 10:12:07.529,10.27
09.08.2021 10:12:08.519,10.27
09.08.2021 10:12:09.539,5.46
09.08.2021 10:12:10.527,0.53
09.08.2021 10:12:11.517,1.07
09.08.2021 10:12:12.511,9.65
09.08.2021 10:12:13.528,9.65
09.08.2021 10:12:14.515,13.94
09.08.2021 10:12:15.540,13.94
09.08.2021 10:12:16.523,13.94
09.08.2021 10:12:17.513,0.21
09.08.2021 10:12:18.535,-6.54
09.08.2021 10:12:19.527,0.60
09.08.2021 10:12:20.520,14.70
09.08.2021 10:12:21.539,14.70
09.08.2021 10:12:22.526,14.31
09.08.2021 10:12:23.516,13.12
09.08.2021 10:12:24.598,6.62
09.08.2021 10:12:25.527,6.62
09.08.2021 10:12:26.516,0.39
09.08.2021 10:12:27.537,22.94
09.08.2021 10:12:28.527,22.94
09.08.2021 10:12:29.516,22.27
09.08.2021 10:12:30.536,22.27
09.08.2021 10:12:31.527,0.97
09.08.2021 10:12:32.517,7.56
09.08.2021 10:12:33.540,7.56
09.08.2021 10:12:34.530,7.56
09.08.2021 10:12:35.516,9.28
09.08.2021 10:12:36.537,9.28
09.08.2021 10:12:37.531,27.72
09.08.2021 10:12:38.520,27.72
09.08.2021 10:12:39.541,25.22
09.08.2021 10:12:40.531,22.90
09.08.2021 10:12:41.521,21.05
09.08.2021 10:12:42.537,0.45
09.08.2021 10:12:43.528,0.45
09.08.2021 10:12:44.517,-5.72
09.08.2021 10:12:45.536,-5.72
09.08.2021 10:12:46.527,-3.97
09.08.2021 10:12:47.518,0.17
09.08.2021 10:12:48.541,0.17
09.08.2021 10:12:49.529,1.04
09.08.2021 10:12:50.521,1.04
09.08.2021 10:12:51.540,4.81
09.08.2021 10:12:52.531,4.81
09.08.2021 10:12:53.518,7.30
09.08.2021 10:12:54.539,9.16
09.08.2021 10:12:55.530,14.42
09.08.2021 10:12:56.518,16.39
09.08.2021 10:12:57.536,16.39
09.08.2021 10:12:58.527,14.82
09.08.2021 10:12:59.521,14.82
09.08.2021 10:13:00.541,7.20
09.08.2021 10:13:01.531,7.35
09.08.2021 10:13:02.518,7.35
09.08.2021 10:13:03.542,6.62
09.08.2021 10:13:04.531,6.62
09.08.2021 10:13:05.517,24.72
09.08.2021 10:13:06.540,24.72
09.08.2021 10:13:07.556,24.72
09.08.2021 10:13:08.547,0.43
09.08.2021 10:13:09.541,7.35
09.08.2021 10:13:10.533,7.35
09.08.2021 10:13:11.521,0.43
09.08.2021 10:13:12.542,0.45
09.08.2021 10:13:13.532,2.92
09.08.2021 10:13:14.520,4.76
09.08.2021 10:13:15.538,6.03
09.08.2021 10:13:16.532,7.93
09.08.2021 10:13:17.522,7.93
09.08.2021 10:13:18.538,5.57
09.08.2021 10:13:19.528,4.96
09.08.2021 10:13:20.518,4.96
09.08.2021 10:13:21.541,7.34
09.08.2021 10:13:22.533,8.26
09.08.2021 10:13:23.521,8.26
09.08.2021 10:13:24.538,6.77
09.08.2021 10:13:25.532,4.83
09.08.2021 10:13:26.517,9.73
09.08.2021 10:13:27.538,9.73
09.08.2021 10:13:28.531,9.95
09.08.2021 10:13:29.519,14.04
09.08.2021 10:13:30.570,14.04
09.08.2021 10:13:31.529,14.04
09.08.2021 10:13:32.522,0.40
09.08.2021 10:13:33.542,5.37
09.08.2021 10:13:34.529,8.07
09.08.2021 10:13:35.521,8.13
09.08.2021 10:13:36.542,8.13
09.08.2021 10:13:37.532,7.89
09.08.2021 10:13:38.521,7.89
09.08.2021 10:13:39.543,6.18
09.08.2021 10:13:40.529,6.18
09.08.2021 10:13:41.518,4.82
09.08.2021 10:13:42.539,4.65
09.08.2021 10:13:43.534,1.36
09.08.2021 10:13:44.522,1.36
09.08.2021 10:13:45.542,0.32
09.08.2021 10:13:46.532,0.30
09.08.2021 10:13:47.518,0.30
09.08.2021 10:13:48.540,0.28
09.08.2021 10:13:49.529,2.70
09.08.2021 10:13:50.548,3.11
09.08.2021 10:13:51.540,10.90
09.08.2021 10:13:52.528,11.65
09.08.2021 10:13:53.518,11.69
09.08.2021 10:13:54.543,11.69
09.08.2021 10:13:55.533,11.46
09.08.2021 10:13:56.522,10.12
09.08.2021 10:13:57.543,0.38
09.08.2021 10:13:58.533,0.38
09.08.2021 10:13:59.522,0.32
09.08.2021 10:14:00.543,-6.35
09.08.2021 10:14:01.529,-6.96
09.08.2021 10:14:02.520,0.15
09.08.2021 10:14:03.543,0.16
09.08.2021 10:14:04.533,0.16
09.08.2021 10:14:05.523,0.13
09.08.2021 10:14:06.543,3.46
09.08.2021 10:14:07.529,3.46
09.08.2021 10:14:08.522,11.05
09.08.2021 10:14:09.542,24.84
09.08.2021 10:14:10.527,24.84
09.08.2021 10:14:11.519,22.86
09.08.2021 10:14:12.571,17.50
09.08.2021 10:14:13.560,17.50
09.08.2021 10:14:14.519,4.44
09.08.2021 10:14:15.538,0.32
09.08.2021 10:14:16.528,0.32
09.08.2021 10:14:17.523,0.32
09.08.2021 10:14:18.543,0.29
09.08.2021 10:14:19.529,-5.77
09.08.2021 10:14:20.523,0.19
09.08.2021 10:14:21.512,0.19
09.08.2021 10:14:22.532,10.30
09.08.2021 10:14:23.522,10.30
09.08.2021 10:14:24.541,10.30
09.08.2021 10:14:25.532,6.11
09.08.2021 10:14:26.522,13.20
09.08.2021 10:14:27.540,13.54
09.08.2021 10:14:28.531,13.54
09.08.2021 10:14:29.520,7.86
09.08.2021 10:14:30.689,0.25
09.08.2021 10:14:31.530,0.25
09.08.2021 10:14:32.520,25.64
09.08.2021 10:14:33.540,27.43
09.08.2021 10:14:34.530,27.43
09.08.2021 10:14:35.522,27.43
09.08.2021 10:14:36.539,24.85
09.08.2021 10:14:37.533,0.40
09.08.2021 10:14:38.523,-0.90
09.08.2021 10:14:39.543,0.31
09.08.2021 10:14:40.529,0.31
09.08.2021 10:14:41.524,4.09
09.08.2021 10:14:42.543,4.09
09.08.2021 10:14:43.533,4.09
09.08.2021 10:14:44.520,3.78
09.08.2021 10:14:45.540,5.79
09.08.2021 10:14:46.533,6.18
09.08.2021 10:14:47.523,6.18
09.08.2021 10:14:48.543,0.58
09.08.2021 10:14:49.531,0.21
09.08.2021 10:14:50.525,0.21
09.08.2021 10:14:51.542,4.39
09.08.2021 10:14:52.531,4.39
09.08.2021 10:14:53.520,2.32
09.08.2021 10:14:54.540,2.20
09.08.2021 10:14:55.561,1.91
09.08.2021 10:14:56.551,4.55
09.08.2021 10:14:57.543,9.03
09.08.2021 10:14:58.534,9.03
09.08.2021 10:14:59.521,10.34
09.08.2021 10:15:00.544,12.11
09.08.2021 10:15:01.536,22.31
09.08.2021 10:15:02.524,22.31
09.08.2021 10:15:03.544,0.32
09.08.2021 10:15:04.531,0.22
09.08.2021 10:15:05.520,0.21
09.08.2021 10:15:06.540,0.27
09.08.2021 10:15:07.532,0.27
09.08.2021 10:15:08.520,0.27
09.08.2021 10:15:09.545,0.27
09.08.2021 10:15:10.530,0.24
09.08.2021 10:15:11.521,0.27
09.08.2021 10:15:12.541,0.27
09.08.2021 10:15:13.530,-1.10
09.08.2021 10:15:14.521,-1.10
09.08.2021 10:15:15.542,-1.10
09.08.2021 10:15:16.530,3.25
09.08.2021 10:15:17.521,3.25
09.08.2021 10:15:18.572,3.25
09.08.2021 10:15:19.531,1.44
09.08.2021 10:15:20.522,9.56
09.08.2021 10:15:21.542,25.45
09.08.2021 10:15:22.533,26.02
09.08.2021 10:15:23.525,26.02
09.08.2021 10:15:24.545,0.35
09.08.2021 10:15:25.534,0.35
09.08.2021 10:15:26.527,0.27
09.08.2021 10:15:27.544,0.27
09.08.2021 10:15:28.530,0.27
09.08.2021 10:15:29.525,0.23
09.08.2021 10:15:30.545,4.02
09.08.2021 10:15:31.533,4.02
09.08.2021 10:15:32.525,4.02
09.08.2021 10:15:33.542,0.21
09.08.2021 10:15:34.535,0.34
09.08.2021 10:15:35.521,0.34
09.08.2021 10:15:37.531,10.54
09.08.2021 10:15:38.552,11.87
09.08.2021 10:15:39.542,12.46
09.08.2021 10:15:40.531,12.46
09.08.2021 10:15:41.522,7.71
09.08.2021 10:15:42.546,7.71
09.08.2021 10:15:43.538,0.75
09.08.2021 10:15:44.555,0.32
09.08.2021 10:15:45.546,0.32
09.08.2021 10:15:46.535,0.27
09.08.2021 10:15:47.524,0.27
09.08.2021 10:15:48.545,0.27
09.08.2021 10:15:49.532,10.64
09.08.2021 10:15:50.523,10.64
09.08.2021 10:15:51.545,7.58
09.08.2021 10:15:52.531,1.16
09.08.2021 10:15:53.526,1.16
09.08.2021 10:15:54.546,0.21
09.08.2021 10:15:55.531,0.21
09.08.2021 10:15:56.526,0.17
09.08.2021 10:15:57.542,-1.25
09.08.2021 10:15:58.531,-0.27
09.08.2021 10:15:59.523,0.07
09.08.2021 10:16:00.573,0.07
09.08.2021 10:16:01.564,2.48
09.08.2021 10:16:02.522,2.48
09.08.2021 10:16:03.548,4.18
09.08.2021 10:16:04.534,4.18
09.08.2021 10:16:05.522,2.33
09.08.2021 10:16:06.541,4.45
09.08.2021 10:16:07.536,4.45
09.08.2021 10:16:08.522,13.41
09.08.2021 10:16:09.542,13.41
09.08.2021 10:16:10.533,17.34
09.08.2021 10:16:11.522,17.34
09.08.2021 10:16:12.541,15.00
09.08.2021 10:16:13.534,15.00
09.08.2021 10:16:14.526,0.27
09.08.2021 10:16:15.546,0.28
09.08.2021 10:16:16.537,0.69
09.08.2021 10:16:17.526,0.69
09.08.2021 10:16:18.546,0.23
09.08.2021 10:16:19.531,0.21
09.08.2021 10:16:20.523,2.33
09.08.2021 10:16:21.542,2.33
09.08.2021 10:16:22.532,0.49
09.08.2021 10:16:23.524,0.50
09.08.2021 10:16:24.542,0.50
09.08.2021 10:16:25.536,0.42
09.08.2021 10:16:26.523,0.59
09.08.2021 10:16:27.542,0.59
09.08.2021 10:16:28.537,6.11
09.08.2021 10:16:29.526,6.11
09.08.2021 10:16:30.546,19.92
09.08.2021 10:16:31.535,19.92
09.08.2021 10:16:32.523,27.29
09.08.2021 10:16:33.543,27.75
09.08.2021 10:16:34.536,27.75
09.08.2021 10:16:35.524,23.69
09.08.2021 10:16:36.542,19.89
09.08.2021 10:16:37.536,19.89
09.08.2021 10:16:38.527,0.43
09.08.2021 10:16:39.547,0.42
09.08.2021 10:16:40.533,0.41
09.08.2021 10:16:41.522,0.39
09.08.2021 10:16:42.543,0.34
09.08.2021 10:16:43.533,0.34
09.08.2021 10:16:44.553,0.34
09.08.2021 10:16:45.548,0.34
09.08.2021 10:16:46.536,0.29
09.08.2021 10:16:47.524,-4.84
09.08.2021 10:16:48.548,-4.84
09.08.2021 10:16:49.537,0.18
09.08.2021 10:16:50.527,20.47
09.08.2021 10:16:51.547,20.47
09.08.2021 10:16:52.536,4.27
09.08.2021 10:16:53.527,4.27
09.08.2021 10:16:54.544,0.41
09.08.2021 10:16:55.534,10.39
09.08.2021 10:16:56.525,10.39
09.08.2021 10:16:57.545,5.75
09.08.2021 10:16:58.538,14.36
09.08.2021 10:16:59.528,14.36
09.08.2021 10:17:00.563,10.61
09.08.2021 10:17:01.534,7.71
09.08.2021 10:17:02.524,5.80
09.08.2021 10:17:03.546,14.56
09.08.2021 10:17:04.533,14.56
09.08.2021 10:17:04.776,14.56
09.08.2021 10:17:05.525,0.33
09.08.2021 10:17:06.576,0.33
09.08.2021 10:17:07.537,0.33
09.08.2021 10:17:08.528,-0.32
09.08.2021 10:17:09.545,1.98
09.08.2021 10:17:10.537,1.98
09.08.2021 10:17:11.526,7.09
09.08.2021 10:17:12.544,7.09
09.08.2021 10:17:13.536,17.19
09.08.2021 10:17:14.528,17.19
09.08.2021 10:17:15.545,7.46
09.08.2021 10:17:16.534,7.46
09.08.2021 10:17:17.529,4.78
09.08.2021 10:17:18.543,4.78
09.08.2021 10:17:19.538,1.24
09.08.2021 10:17:20.529,1.24
09.08.2021 10:17:21.545,7.89
09.08.2021 10:17:22.537,7.89
09.08.2021 10:17:23.525,15.74
09.08.2021 10:17:24.544,15.74
09.08.2021 10:17:25.534,16.65
09.08.2021 10:17:26.524,16.65
09.08.2021 10:17:27.544,14.39
09.08.2021 10:17:28.538,4.04
09.08.2021 10:17:29.528,3.58
09.08.2021 10:17:30.545,7.58
09.08.2021 10:17:31.536,8.54
09.08.2021 10:17:32.528,9.06
09.08.2021 10:17:33.545,10.24
09.08.2021 10:17:34.539,10.24
09.08.2021 10:17:35.526,9.21
09.08.2021 10:17:36.545,13.30
09.08.2021 10:17:37.534,13.30
09.08.2021 10:17:38.527,15.56
09.08.2021 10:17:39.545,15.56
09.08.2021 10:17:40.539,15.04
09.08.2021 10:17:41.525,15.04
09.08.2021 10:17:42.549,15.04
09.08.2021 10:17:43.539,15.04
09.08.2021 10:17:44.528,0.40
09.08.2021 10:17:45.546,0.40
09.08.2021 10:17:46.535,0.41
09.08.2021 10:17:47.526,0.41
09.08.2021 10:17:48.545,0.39
09.08.2021 10:17:49.566,0.45
09.08.2021 10:17:50.529,0.45
09.08.2021 10:17:51.549,0.32
09.08.2021 10:17:52.536,6.65
09.08.2021 10:17:53.527,6.65
09.08.2021 10:17:54.549,5.81
09.08.2021 10:17:55.538,0.32
09.08.2021 10:17:56.525,8.22
09.08.2021 10:17:57.546,8.28
09.08.2021 10:17:58.536,8.28
09.08.2021 10:17:59.525,12.01
09.08.2021 10:18:00.546,12.01
09.08.2021 10:18:01.536,12.01
09.08.2021 10:18:02.529,10.89
09.08.2021 10:18:03.545,7.78
09.08.2021 10:18:04.537,6.15
09.08.2021 10:18:05.526,6.33
09.08.2021 10:18:06.549,7.50
09.08.2021 10:18:07.535,7.50
09.08.2021 10:18:08.528,0.34
09.08.2021 10:18:09.546,0.34
09.08.2021 10:18:10.537,-3.12
09.08.2021 10:18:11.527,-3.12
09.08.2021 10:18:12.549,-3.94
09.08.2021 10:18:13.539,8.12
09.08.2021 10:18:14.527,8.12
09.08.2021 10:18:15.546,5.78
09.08.2021 10:18:16.536,8.35
09.08.2021 10:18:17.527,8.35
09.08.2021 10:18:18.547,8.35
09.08.2021 10:18:19.539,2.54
09.08.2021 10:18:20.525,0.21
09.08.2021 10:18:21.547,23.65
09.08.2021 10:18:22.540,23.65
09.08.2021 10:18:23.529,17.84
09.08.2021 10:18:24.547,13.51
09.08.2021 10:18:25.540,14.86
09.08.2021 10:18:26.525,14.86
09.08.2021 10:18:27.547,7.51
09.08.2021 10:18:28.537,0.38
09.08.2021 10:18:29.525,0.38
09.08.2021 10:18:30.547,0.36
09.08.2021 10:18:31.536,0.36
09.08.2021 10:18:32.527,0.36
09.08.2021 10:18:33.518,0.26
09.08.2021 10:18:34.538,0.32
09.08.2021 10:18:35.530,0.32
09.08.2021 10:18:36.549,0.32
09.08.2021 10:18:37.541,8.16
09.08.2021 10:18:38.531,8.16
09.08.2021 10:18:39.549,9.87
09.08.2021 10:18:40.537,9.87
09.08.2021 10:18:41.530,7.14
09.08.2021 10:18:42.546,4.35
09.08.2021 10:18:43.537,1.12
09.08.2021 10:18:44.530,4.23
09.08.2021 10:18:45.550,11.79
09.08.2021 10:18:46.541,11.79
09.08.2021 10:18:47.529,0.64
09.08.2021 10:18:48.517,0.32
09.08.2021 10:18:49.540,0.32
09.08.2021 10:18:50.526,0.28
09.08.2021 10:18:51.517,0.28
09.08.2021 10:18:52.537,-3.84
09.08.2021 10:18:53.526,-3.84
09.08.2021 10:18:54.547,8.06
09.08.2021 10:18:55.540,15.35
09.08.2021 10:18:56.531,19.08
09.08.2021 10:18:57.550,19.08
09.08.2021 10:18:58.537,19.08
09.08.2021 10:18:59.530,13.89
09.08.2021 10:19:00.548,11.57
09.08.2021 10:19:01.540,11.03
09.08.2021 10:19:02.529,10.69
09.08.2021 10:19:03.551,0.48
09.08.2021 10:19:04.537,0.38
09.08.2021 10:19:05.530,0.33
09.08.2021 10:19:06.547,0.32
09.08.2021 10:19:07.540,0.32
09.08.2021 10:19:08.530,0.29
09.08.2021 10:19:09.551,2.33
09.08.2021 10:19:10.543,2.33
09.08.2021 10:19:11.527,2.33
09.08.2021 10:19:12.516,2.33
09.08.2021 10:19:13.536,2.33
09.08.2021 10:19:14.527,2.33
09.08.2021 10:19:15.547,-2.32
09.08.2021 10:19:16.541,0.25
09.08.2021 10:19:17.527,0.25
09.08.2021 10:19:18.551,0.21
09.08.2021 10:19:19.541,1.76
09.08.2021 10:19:20.529,7.88
09.08.2021 10:19:21.550,18.16
09.08.2021 10:19:22.538,18.16
09.08.2021 10:19:23.530,10.77
09.08.2021 10:19:24.551,10.77
09.08.2021 10:19:25.538,7.09
09.08.2021 10:19:26.527,5.13
09.08.2021 10:19:27.551,1.28
09.08.2021 10:19:28.540,6.69
09.08.2021 10:19:29.530,6.69
09.08.2021 10:19:30.552,2.54
09.08.2021 10:19:31.537,3.46
09.08.2021 10:19:32.532,3.66
09.08.2021 10:19:33.548,5.07
09.08.2021 10:19:34.538,5.95
09.08.2021 10:19:35.527,11.96
09.08.2021 10:19:36.548,14.17
09.08.2021 10:19:37.537,14.17
09.08.2021 10:19:38.531,9.09
09.08.2021 10:19:39.548,2.46
09.08.2021 10:19:40.541,0.32
09.08.2021 10:19:41.528,0.32
09.08.2021 10:19:42.552,0.29
09.08.2021 10:19:43.540,-4.59
09.08.2021 10:19:44.528,0.16
09.08.2021 10:19:45.520,4.52
09.08.2021 10:19:46.541,14.63
09.08.2021 10:19:47.528,14.63
09.08.2021 10:19:48.548,14.63
09.08.2021 10:19:49.541,14.63
09.08.2021 10:19:50.528,7.38
09.08.2021 10:19:51.551,7.70
09.08.2021 10:19:52.540,7.70
09.08.2021 10:19:53.532,7.63
09.08.2021 10:19:54.521,8.60
09.08.2021 10:19:55.535,9.79
09.08.2021 10:19:56.529,9.79
09.08.2021 10:19:57.551,9.59
09.08.2021 10:19:58.538,9.59
09.08.2021 10:19:59.531,0.35
09.08.2021 10:20:00.549,0.33
09.08.2021 10:20:01.543,0.33
09.08.2021 10:20:02.528,0.31
09.08.2021 10:20:03.551,0.29
09.08.2021 10:20:04.542,0.29
09.08.2021 10:20:05.529,0.29
09.08.2021 10:20:06.553,0.25
09.08.2021 10:20:07.542,0.25
09.08.2021 10:20:08.528,-4.11
09.08.2021 10:20:09.549,0.17
09.08.2021 10:20:10.541,3.25
09.08.2021 10:20:11.533,7.21
09.08.2021 10:20:12.552,10.08
09.08.2021 10:20:13.542,13.30
09.08.2021 10:20:14.528,13.30
09.08.2021 10:20:15.522,3.99
09.08.2021 10:20:16.539,4.96
09.08.2021 10:20:17.529,6.95
09.08.2021 10:20:18.519,8.12
09.08.2021 10:20:19.538,14.94
09.08.2021 10:20:20.530,14.94
09.08.2021 10:20:21.553,14.88
09.08.2021 10:20:22.541,14.93
09.08.2021 10:20:23.532,15.74
09.08.2021 10:20:24.553,16.44
09.08.2021 10:20:25.542,16.44
09.08.2021 10:20:26.533,0.42
09.08.2021 10:20:27.553,0.37
09.08.2021 10:20:28.540,0.37
09.08.2021 10:20:29.530,0.37
09.08.2021 10:20:30.548,0.37
09.08.2021 10:20:31.540,-6.65
09.08.2021 10:20:32.530,-5.00
09.08.2021 10:20:33.552,-2.67
09.08.2021 10:20:34.540,0.13
09.08.2021 10:20:35.530,0.13
09.08.2021 10:20:36.519,4.11
09.08.2021 10:20:37.543,11.98
09.08.2021 10:20:38.529,18.80
09.08.2021 10:20:39.520,18.80
09.08.2021 10:20:40.539,16.37
09.08.2021 10:20:41.529,11.41
09.08.2021 10:20:42.549,11.41
09.08.2021 10:20:43.539,9.80
09.08.2021 10:20:44.529,0.32
09.08.2021 10:20:45.520,1.88
09.08.2021 10:20:46.541,3.50
09.08.2021 10:20:47.529,3.50
09.08.2021 10:20:48.549,3.50
09.08.2021 10:20:49.543,1.93
09.08.2021 10:20:50.529,1.89
09.08.2021 10:20:51.549,1.89
09.08.2021 10:20:52.542,2.59
09.08.2021 10:20:53.530,2.59
09.08.2021 10:20:54.550,3.08
09.08.2021 10:20:55.539,14.85
09.08.2021 10:20:56.530,15.62
09.08.2021 10:20:57.554,18.55
09.08.2021 10:20:58.537,18.55
09.08.2021 10:20:59.529,18.23
09.08.2021 10:21:00.520,15.93
09.08.2021 10:21:01.539,4.92
09.08.2021 10:21:02.529,0.33
09.08.2021 10:21:03.548,27.35
09.08.2021 10:21:04.538,27.35
09.08.2021 10:21:05.533,23.03
09.08.2021 10:21:06.550,19.08
09.08.2021 10:21:07.539,19.08
09.08.2021 10:21:08.530,17.38
09.08.2021 10:21:09.549,14.60
09.08.2021 10:21:10.542,0.46
09.08.2021 10:21:11.529,0.48
09.08.2021 10:21:12.520,0.48
09.08.2021 10:21:13.540,0.37
09.08.2021 10:21:14.534,0.32
09.08.2021 10:21:15.550,0.32
09.08.2021 10:21:16.540,1.42
09.08.2021 10:21:17.530,1.42
09.08.2021 10:21:18.525,0.48
09.08.2021 10:21:19.543,0.25
09.08.2021 10:21:20.534,0.25
09.08.2021 10:21:21.550,0.25
09.08.2021 10:21:22.540,0.21
09.08.2021 10:21:23.560,3.35
09.08.2021 10:21:24.549,21.71
09.08.2021 10:21:25.543,21.71
09.08.2021 10:21:26.534,0.48
09.08.2021 10:21:27.552,0.27
09.08.2021 10:21:28.541,0.42
09.08.2021 10:21:29.532,1.66
09.08.2021 10:21:30.551,10.49
09.08.2021 10:21:31.543,20.56
09.08.2021 10:21:32.533,20.56
09.08.2021 10:21:33.521,20.82
09.08.2021 10:21:34.539,20.82
09.08.2021 10:21:35.532,20.71
09.08.2021 10:21:36.553,20.71
09.08.2021 10:21:37.544,16.32
09.08.2021 10:21:38.532,16.32
09.08.2021 10:21:39.550,0.47
09.08.2021 10:21:40.544,-5.15
09.08.2021 10:21:41.534,-7.79
09.08.2021 10:21:42.550,-6.99
09.08.2021 10:21:43.540,-6.48
09.08.2021 10:21:44.531,-4.37
09.08.2021 10:21:45.582,-2.48
09.08.2021 10:21:46.570,0.22
09.08.2021 10:21:47.531,7.08
09.08.2021 10:21:48.554,16.04
09.08.2021 10:21:49.543,22.47
09.08.2021 10:21:50.534,27.43
09.08.2021 10:21:51.553,27.50
09.08.2021 10:21:52.545,27.50
09.08.2021 10:21:53.535,11.60
09.08.2021 10:21:54.524,11.60
09.08.2021 10:21:55.544,0.47
09.08.2021 10:21:56.530,0.47
09.08.2021 10:21:57.547,0.47
09.08.2021 10:21:58.541,0.47
09.08.2021 10:21:59.531,0.31
09.08.2021 10:22:00.521,0.31
09.08.2021 10:22:01.542,0.29
09.08.2021 10:22:02.531,12.72
09.08.2021 10:22:03.523,12.72
09.08.2021 10:22:04.542,15.96
09.08.2021 10:22:05.532,15.96
09.08.2021 10:22:06.551,15.97
09.08.2021 10:22:07.541,15.97
09.08.2021 10:22:08.532,10.89
09.08.2021 10:22:09.524,10.85
09.08.2021 10:22:10.545,10.85
09.08.2021 10:22:11.532,13.09
09.08.2021 10:22:12.551,13.09
09.08.2021 10:22:13.545,15.41
09.08.2021 10:22:14.532,15.41
09.08.2021 10:22:15.552,16.27
09.08.2021 10:22:16.545,16.27
09.08.2021 10:22:17.533,13.92
09.08.2021 10:22:18.522,12.01
09.08.2021 10:22:19.544,0.39
09.08.2021 10:22:20.534,0.39
09.08.2021 10:22:21.553,0.38
09.08.2021 10:22:22.546,0.41
09.08.2021 10:22:23.536,0.43
09.08.2021 10:22:24.525,4.08
09.08.2021 10:22:25.543,5.88
09.08.2021 10:22:26.532,5.88
09.08.2021 10:22:27.522,6.05
09.08.2021 10:22:28.573,12.61
09.08.2021 10:22:29.561,13.47
09.08.2021 10:22:30.556,14.33
09.08.2021 10:22:31.545,14.33
09.08.2021 10:22:32.536,14.33
09.08.2021 10:22:33.556,10.22
09.08.2021 10:22:34.543,10.22
09.08.2021 10:22:35.536,0.38
09.08.2021 10:22:36.555,0.38
09.08.2021 10:22:37.542,0.38
09.08.2021 10:22:37.785,0.34
09.08.2021 10:22:38.533,0.34
09.08.2021 10:22:39.552,-2.27
09.08.2021 10:22:40.546,-3.02
09.08.2021 10:22:41.536,0.23
09.08.2021 10:22:42.555,0.23
09.08.2021 10:22:43.543,0.19
09.08.2021 10:22:44.535,0.22
09.08.2021 10:22:45.525,0.22
09.08.2021 10:22:46.543,9.58
09.08.2021 10:22:47.533,9.58
09.08.2021 10:22:48.521,7.35
09.08.2021 10:22:49.542,8.44
09.08.2021 10:22:50.532,8.44
09.08.2021 10:22:51.584,4.52
09.08.2021 10:22:52.546,4.52
09.08.2021 10:22:53.537,11.86
09.08.2021 10:22:54.555,15.00
09.08.2021 10:22:55.544,16.11
09.08.2021 10:22:56.533,16.11
09.08.2021 10:22:57.554,0.36
09.08.2021 10:22:58.548,0.36
09.08.2021 10:22:59.536,0.31
09.08.2021 10:23:00.522,0.24
09.08.2021 10:23:01.542,0.24
09.08.2021 10:23:02.536,-1.51
09.08.2021 10:23:03.555,0.12
09.08.2021 10:23:04.544,0.12
09.08.2021 10:23:05.536,3.57
09.08.2021 10:23:06.552,5.30
09.08.2021 10:23:07.545,5.30
09.08.2021 10:23:08.532,0.19
09.08.2021 10:23:09.522,9.08
09.08.2021 10:23:10.542,9.08
09.08.2021 10:23:11.561,9.08
09.08.2021 10:23:12.555,0.55
09.08.2021 10:23:13.545,1.54
09.08.2021 10:23:14.532,1.54
09.08.2021 10:23:15.523,-0.16
09.08.2021 10:23:16.546,0.04
09.08.2021 10:23:17.532,0.04
09.08.2021 10:23:18.529,0.03
09.08.2021 10:23:19.542,0.03
09.08.2021 10:23:20.531,0.02
09.08.2021 10:23:21.524,0.02
09.08.2021 10:23:22.543,0.02
09.08.2021 10:23:23.529,0.02
09.08.2021 10:23:24.553,0.02
09.08.2021 10:23:25.542,0.02
09.08.2021 10:23:26.533,0.01
09.08.2021 10:23:27.553,0.02
09.08.2021 10:23:28.543,0.02
09.08.2021 10:23:29.530,0.02
09.08.2021 10:23:30.518,0.03
09.08.2021 10:23:31.539,0.03
09.08.2021 10:23:32.529,0.02
09.08.2021 10:23:33.580,0.02
09.08.2021 10:23:34.571,0.02
09.08.2021 10:23:35.533,0.03
09.08.2021 10:23:36.521,0.03
09.08.2021 10:23:37.540,0.03
09.08.2021 10:23:38.533,0.03
09.08.2021 10:23:39.554,0.03
09.08.2021 10:23:40.540,0.03
09.08.2021 10:23:41.529,0.03
09.08.2021 10:23:42.523,0.03
09.08.2021 10:23:44.150,0.03
09.08.2021 10:23:44.530,0.03
09.08.2021 10:23:45.824,0.03
09.08.2021 10:23:46.631,0.03
09.08.2021 10:23:47.685,0.03
09.08.2021 10:23:48.551,0.03
09.08.2021 10:23:49.540,0.02
09.08.2021 10:23:50.528,0.02
09.08.2021 10:23:51.521,0.03
09.08.2021 10:23:52.537,0.03
09.08.2021 10:23:53.529,0.02
09.08.2021 10:23:54.549,0.02
09.08.2021 10:24:02.892,0.02
09.08.2021 10:24:04.182,0.02
09.08.2021 10:24:04.543,0.02
09.08.2021 10:24:05.533,0.03
09.08.2021 10:24:06.553,0.03
09.08.2021 10:24:07.544,0.02
09.08.2021 10:24:08.536,0.02
09.08.2021 10:24:09.523,0.02
09.08.2021 10:24:10.543,0.03
09.08.2021 10:24:11.537,0.03
09.08.2021 10:24:12.523,0.03
09.08.2021 10:24:13.548,0.03
09.08.2021 10:24:14.531,0.03
09.08.2021 10:24:15.557,0.03
09.08.2021 10:24:16.596,0.02
09.08.2021 10:24:39.035,0.02
09.08.2021 10:24:39.404,0.02
09.08.2021 10:24:39.640,0.03
09.08.2021 10:24:40.540,0.03
09.08.2021 10:24:40.749,0.02
09.08.2021 10:24:41.589,0.02
09.08.2021 10:24:42.552,0.03
09.08.2021 10:24:43.542,0.03
09.08.2021 10:24:43.755,0.03
09.08.2021 10:24:44.625,0.03
09.08.2021 10:24:45.643,0.03
09.08.2021 10:24:45.882,0.03
09.08.2021 10:24:46.630,0.03
09.08.2021 10:24:47.560,0.03
09.08.2021 10:24:47.768,0.03
09.08.2021 10:24:48.551,0.03
09.08.2021 10:24:49.541,0.02
09.08.2021 10:24:49.755,0.02
09.08.2021 10:24:50.627,0.02
09.08.2021 10:24:51.615,0.02
09.08.2021 10:24:52.583,0.02
09.08.2021 10:24:53.000,0.02
09.08.2021 10:24:53.863,0.03
09.08.2021 10:24:54.613,0.03
09.08.2021 10:24:55.633,0.03
09.08.2021 10:24:55.877,0.03
09.08.2021 10:24:56.592,0.03
09.08.2021 10:24:56.801,0.02
09.08.2021 10:24:57.586,0.02
09.08.2021 10:24:58.633,0.02
09.08.2021 10:24:59.639,0.02
09.08.2021 10:25:00.558,0.02
09.08.2021 10:25:01.668,0.02
09.08.2021 10:25:02.560,0.03
09.08.2021 10:25:03.550,0.03
09.08.2021 10:25:04.572,0.02
09.08.2021 10:25:05.537,0.02
09.08.2021 10:25:06.813,0.02
09.08.2021 10:25:07.576,0.02
09.08.2021 10:25:08.534,0.03
09.08.2021 10:25:09.647,0.03
09.08.2021 10:25:10.635,0.02
09.08.2021 10:25:11.621,0.03
09.08.2021 10:25:11.842,0.03
09.08.2021 10:25:12.644,0.03
09.08.2021 10:25:12.853,0.03
09.08.2021 10:25:13.578,0.02
09.08.2021 10:25:14.626,0.02
09.08.2021 10:25:15.554,0.03
09.08.2021 10:25:16.726,0.03
09.08.2021 10:25:17.625,0.02
09.08.2021 10:25:17.832,0.03
09.08.2021 10:25:18.648,0.03
09.08.2021 10:25:18.883,0.03
09.08.2021 10:25:19.633,0.03
09.08.2021 10:25:19.863,0.03
09.08.2021 10:25:20.621,0.03
09.08.2021 10:25:20.837,0.03
09.08.2021 10:25:21.643,0.03
09.08.2021 10:25:21.869,0.02
09.08.2021 10:25:22.632,0.03
09.08.2021 10:25:22.848,0.03
09.08.2021 10:25:23.681,0.03
09.08.2021 10:25:23.899,0.02
09.08.2021 10:25:24.905,0.03
09.08.2021 10:25:25.162,0.03
09.08.2021 10:25:25.644,0.04
09.08.2021 10:25:25.856,0.04
09.08.2021 10:25:26.628,0.03
09.08.2021 10:25:27.075,0.03
09.08.2021 10:25:27.444,0.03
09.08.2021 10:25:27.702,0.03
09.08.2021 10:25:27.983,0.03
09.08.2021 10:25:28.584,0.03
09.08.2021 10:25:28.814,0.03
09.08.2021 10:25:29.635,0.02
09.08.2021 10:25:29.854,0.02
09.08.2021 10:25:30.620,0.02
09.08.2021 10:25:30.828,0.02
09.08.2021 10:25:31.638,0.03
09.08.2021 10:25:31.845,0.03
09.08.2021 10:25:32.750,0.03
09.08.2021 10:25:33.055,0.02
09.08.2021 10:25:33.888,0.02
09.08.2021 10:25:34.187,0.02
09.08.2021 10:25:35.795,0.02
09.08.2021 10:25:36.035,0.02
09.08.2021 10:25:36.244,0.02
09.08.2021 10:25:36.558,0.02
09.08.2021 10:25:37.543,0.02
09.08.2021 10:25:38.545,0.02
09.08.2021 10:25:39.672,0.02
09.08.2021 10:25:40.603,0.02
09.08.2021 10:25:41.535,0.02
09.08.2021 10:25:42.522,0.02
09.08.2021 10:25:43.544,0.02
09.08.2021 10:25:44.535,0.02
09.08.2021 10:25:45.553,0.03
09.08.2021 10:25:46.542,0.03
09.08.2021 10:25:47.532,0.03
09.08.2021 10:25:48.556,0.03
09.08.2021 10:25:48.811,0.03
09.08.2021 10:25:49.545,0.02
09.08.2021 10:25:50.544,0.03
09.08.2021 10:25:51.825,0.03
09.08.2021 10:25:52.545,0.03
09.08.2021 10:25:57.074,0.03
09.08.2021 10:25:57.405,0.03
09.08.2021 10:25:57.625,0.04
09.08.2021 10:25:57.860,0.04
09.08.2021 10:25:59.475,0.04
09.08.2021 10:26:00.754,0.04
09.08.2021 10:26:03.302,0.02
09.08.2021 10:26:04.009,0.02
09.08.2021 10:26:04.810,0.02
09.08.2021 10:26:04.919,0.02
09.08.2021 10:26:07.300,0.03
09.08.2021 10:26:10.300,0.03
09.08.2021 10:26:12.824,0.03
09.08.2021 10:26:14.773,0.03
09.08.2021 10:26:15.868,0.03
09.08.2021 10:26:16.319,0.03
09.08.2021 10:26:16.656,0.03
09.08.2021 10:26:16.954,0.03
09.08.2021 10:26:17.597,0.03
09.08.2021 10:26:17.808,0.03
09.08.2021 10:26:18.557,0.03
09.08.2021 10:26:19.636,0.02
09.08.2021 10:26:20.653,0.02
09.08.2021 10:26:20.863,0.02
09.08.2021 10:26:21.647,0.01
09.08.2021 10:26:22.667,0.02
09.08.2021 10:26:22.873,0.02
09.08.2021 10:26:23.582,0.02
09.08.2021 10:26:23.828,0.01
09.08.2021 10:26:27.210,0.01
09.08.2021 10:26:28.430,0.01
09.08.2021 10:26:28.743,0.02
09.08.2021 10:26:29.580,0.02
09.08.2021 10:26:30.556,0.03
09.08.2021 10:26:31.639,0.03
09.08.2021 10:26:31.845,0.03
09.08.2021 10:26:32.663,0.03
09.08.2021 10:26:34.323,0.03
09.08.2021 10:26:34.632,0.03
09.08.2021 10:26:35.537,0.03
09.08.2021 10:26:36.522,0.02
09.08.2021 10:26:37.547,0.03
09.08.2021 10:26:38.536,0.03
09.08.2021 10:26:39.559,0.03
09.08.2021 10:26:40.549,0.03
09.08.2021 10:26:41.543,0.03
09.08.2021 10:26:42.558,0.02
09.08.2021 10:26:43.725,0.02
09.08.2021 10:26:44.538,0.02
09.08.2021 10:26:45.523,0.02
09.08.2021 10:26:46.997,0.02
09.08.2021 10:26:47.543,0.02
09.08.2021 10:26:48.560,0.02
09.08.2021 10:26:49.553,0.02
09.08.2021 10:26:50.548,0.02
09.08.2021 10:26:51.561,0.03
09.08.2021 10:26:52.552,0.03
09.08.2021 10:26:53.545,0.03
09.08.2021 10:26:54.558,0.02
09.08.2021 10:26:55.555,0.02
09.08.2021 10:26:56.543,0.02
09.08.2021 10:26:57.558,0.02
09.08.2021 10:26:58.552,0.02
09.08.2021 10:26:59.542,0.03
09.08.2021 10:27:00.558,0.03
09.08.2021 10:27:01.556,0.03
09.08.2021 10:27:01.948,0.03
09.08.2021 10:27:02.535,0.03
09.08.2021 10:27:03.563,0.03
09.08.2021 10:27:04.546,0.03
09.08.2021 10:27:05.540,0.03
09.08.2021 10:27:06.645,0.03
09.08.2021 10:27:07.640,0.03
09.08.2021 10:27:07.876,0.03
09.08.2021 10:27:08.572,0.02
09.08.2021 10:27:09.557,0.03
09.08.2021 10:27:10.549,0.03
09.08.2021 10:27:11.564,0.03
09.08.2021 10:27:12.621,0.03
09.08.2021 10:27:13.582,0.02
09.08.2021 10:27:13.799,0.03
09.08.2021 10:27:14.630,0.03
09.08.2021 10:27:15.738,0.03
09.08.2021 10:27:17.235,0.02
09.08.2021 10:27:17.542,0.03
09.08.2021 10:27:19.007,0.03
09.08.2021 10:27:19.550,0.03
09.08.2021 10:27:20.534,0.03
09.08.2021 10:27:22.147,0.03
09.08.2021 10:27:22.557,0.03
09.08.2021 10:27:22.766,0.02
09.08.2021 10:27:23.597,0.03
09.08.2021 10:27:25.156,0.03
09.08.2021 10:27:25.551,0.03
09.08.2021 10:27:26.543,0.03
09.08.2021 10:27:27.530,0.03
09.08.2021 10:27:28.548,0.03
09.08.2021 10:27:29.544,0.02
09.08.2021 10:27:30.563,0.02
09.08.2021 10:27:31.551,0.02
09.08.2021 10:27:32.565,0.02
09.08.2021 10:27:33.563,0.02
09.08.2021 10:27:34.545,0.02
09.08.2021 10:27:35.804,0.02
09.08.2021 10:27:36.557,0.02
09.08.2021 10:27:37.638,0.02
09.08.2021 10:27:38.898,0.02
09.08.2021 10:27:39.561,0.03
09.08.2021 10:27:40.552,0.03
09.08.2021 10:27:41.544,0.03
09.08.2021 10:27:42.561,0.02
09.08.2021 10:27:43.554,0.02
09.08.2021 10:27:44.602,0.03
09.08.2021 10:27:45.561,0.03
09.08.2021 10:27:46.545,0.03
09.08.2021 10:27:47.984,0.03
09.08.2021 10:27:48.654,0.02
09.08.2021 10:27:48.868,0.02
09.08.2021 10:27:49.727,0.02
09.08.2021 10:27:51.076,0.02
09.08.2021 10:27:51.555,0.02
09.08.2021 10:27:52.566,0.02
09.08.2021 10:27:53.538,0.02
09.08.2021 10:27:54.564,0.02
09.08.2021 10:27:55.550,0.02
09.08.2021 10:27:55.861,0.02
09.08.2021 10:27:56.543,0.02
09.08.2021 10:27:57.562,0.03
09.08.2021 10:27:58.139,0.03
09.08.2021 10:27:58.545,0.03
09.08.2021 10:27:59.538,0.03
09.08.2021 10:27:59.788,0.03
09.08.2021 10:28:01.099,0.03
09.08.2021 10:28:01.548,0.03
09.08.2021 10:28:02.538,0.02
09.08.2021 10:28:03.559,0.03
09.08.2021 10:28:04.552,0.03
09.08.2021 10:28:05.781,0.03
09.08.2021 10:28:06.567,0.03
09.08.2021 10:28:08.055,0.03
09.08.2021 10:28:08.336,0.03
09.08.2021 10:28:08.541,0.03
09.08.2021 10:28:09.560,0.02
09.08.2021 10:28:09.767,0.02
09.08.2021 10:28:10.645,0.03
09.08.2021 10:28:12.665,0.03
09.08.2021 10:28:13.549,0.03
09.08.2021 10:28:14.540,0.03
09.08.2021 10:28:15.558,0.03
09.08.2021 10:28:16.549,0.02
09.08.2021 10:28:17.542,0.03
09.08.2021 10:28:18.565,0.03
09.08.2021 10:28:19.560,0.02
09.08.2021 10:28:20.540,0.02
09.08.2021 10:28:21.526,0.03
09.08.2021 10:28:23.178,0.03
09.08.2021 10:28:23.547,0.02
09.08.2021 10:28:23.759,0.02
09.08.2021 10:28:24.646,0.03
09.08.2021 10:28:24.851,0.03
09.08.2021 10:28:25.885,0.03
09.08.2021 10:28:26.545,0.03
09.08.2021 10:28:27.561,0.03
09.08.2021 10:28:28.553,0.03
09.08.2021 10:28:29.536,0.03
09.08.2021 10:28:30.528,0.03
09.08.2021 10:28:32.000,0.02
09.08.2021 10:28:32.630,0.03
09.08.2021 10:28:32.848,0.03
09.08.2021 10:28:33.769,0.02
09.08.2021 10:28:35.279,0.02
09.08.2021 10:28:35.543,0.03
09.08.2021 10:28:36.532,0.03
09.08.2021 10:28:37.548,0.03
09.08.2021 10:28:38.539,0.03
09.08.2021 10:28:39.559,0.03
09.08.2021 10:28:40.552,0.03
09.08.2021 10:28:41.542,0.03
09.08.2021 10:28:42.564,0.03
09.08.2021 10:28:43.553,0.02
09.08.2021 10:28:44.569,0.03
09.08.2021 10:28:45.527,0.03
09.08.2021 10:28:46.546,0.03
09.08.2021 10:28:47.986,0.02
09.08.2021 10:28:48.559,0.03
09.08.2021 10:28:50.420,0.03
09.08.2021 10:28:50.669,0.02
09.08.2021 10:28:51.563,0.02
09.08.2021 10:28:52.806,0.01
09.08.2021 10:28:53.535,0.02
09.08.2021 10:28:55.314,0.02
09.08.2021 10:28:55.554,0.02
09.08.2021 10:28:55.775,0.02
09.08.2021 10:28:56.631,0.02
09.08.2021 10:28:57.848,0.02
09.08.2021 10:28:58.549,0.03
09.08.2021 10:28:59.543,0.03
09.08.2021 10:29:00.559,0.02
09.08.2021 10:29:01.554,0.02
09.08.2021 10:29:02.543,0.03
09.08.2021 10:29:03.566,0.03
