date, temperature
09.08.2021 09:39:11.663,28.00
09.08.2021 09:39:11.933,28.00
09.08.2021 09:39:12.601,28.00
09.08.2021 09:39:13.623,28.00
09.08.2021 09:39:14.597,28.00
09.08.2021 09:39:15.598,28.00
09.08.2021 09:39:16.819,28.00
09.08.2021 09:39:17.601,28.00
09.08.2021 09:39:18.596,28.00
09.08.2021 09:39:19.620,28.00
09.08.2021 09:39:20.614,28.00
09.08.2021 09:39:21.590,28.00
09.08.2021 09:39:22.619,28.00
09.08.2021 09:39:23.610,28.00
09.08.2021 09:39:24.597,28.00
09.08.2021 09:39:25.614,28.00
09.08.2021 09:39:26.609,28.00
09.08.2021 09:39:27.602,28.00
09.08.2021 09:39:28.623,28.00
09.08.2021 09:39:30.289,28.00
09.08.2021 09:39:30.603,28.00
09.08.2021 09:39:30.829,28.00
09.08.2021 09:39:31.616,28.00
09.08.2021 09:39:32.636,28.00
09.08.2021 09:39:33.693,28.00
09.08.2021 09:39:33.927,28.00
09.08.2021 09:39:34.711,28.00
09.08.2021 09:39:35.640,28.00
09.08.2021 09:39:35.869,28.00
09.08.2021 09:39:36.633,28.00
09.08.2021 09:39:36.859,28.00
09.08.2021 09:39:37.623,28.00
09.08.2021 09:39:37.848,28.00
09.08.2021 09:39:38.673,28.00
09.08.2021 09:39:38.900,28.00
09.08.2021 09:39:39.619,28.00
09.08.2021 09:39:40.672,28.00
09.08.2021 09:39:41.667,28.00
09.08.2021 09:39:42.662,28.00
09.08.2021 09:39:43.622,28.00
09.08.2021 09:39:43.848,28.00
09.08.2021 09:39:44.671,28.00
09.08.2021 09:39:45.633,28.00
09.08.2021 09:39:45.859,28.00
09.08.2021 09:39:46.620,28.00
09.08.2021 09:39:47.673,28.00
09.08.2021 09:39:48.633,28.00
09.08.2021 09:39:49.623,28.00
09.08.2021 09:39:50.673,28.00
09.08.2021 09:39:51.633,28.00
09.08.2021 09:39:52.623,28.00
09.08.2021 09:39:53.670,28.00
09.08.2021 09:39:53.898,28.00
09.08.2021 09:39:54.632,28.00
09.08.2021 09:39:54.861,28.00
09.08.2021 09:39:55.653,28.00
09.08.2021 09:39:55.881,28.00
09.08.2021 09:39:56.703,28.00
09.08.2021 09:39:56.934,28.00
09.08.2021 09:39:57.693,28.00
09.08.2021 09:39:57.918,28.00
09.08.2021 09:39:58.617,28.00
09.08.2021 09:39:59.703,28.00
09.08.2021 09:39:59.913,28.00
09.08.2021 09:40:00.632,28.00
09.08.2021 09:40:00.857,28.00
09.08.2021 09:40:01.623,28.00
09.08.2021 09:40:01.847,28.00
09.08.2021 09:40:02.703,28.00
09.08.2021 09:40:02.929,28.00
09.08.2021 09:40:03.663,28.00
09.08.2021 09:40:04.653,28.00
09.08.2021 09:40:04.876,28.00
09.08.2021 09:40:05.702,28.00
09.08.2021 09:40:05.928,28.00
09.08.2021 09:40:06.632,28.00
09.08.2021 09:40:07.653,28.00
09.08.2021 09:40:08.642,28.00
09.08.2021 09:40:09.633,28.00
09.08.2021 09:40:10.653,28.00
09.08.2021 09:40:11.643,28.00
09.08.2021 09:40:11.874,28.00
09.08.2021 09:40:12.663,28.00
09.08.2021 09:40:12.887,28.00
09.08.2021 09:40:13.649,28.00
09.08.2021 09:40:14.640,28.00
09.08.2021 09:40:15.663,28.00
09.08.2021 09:40:16.653,28.00
09.08.2021 09:40:16.878,28.00
09.08.2021 09:40:17.673,28.00
09.08.2021 09:40:18.660,28.00
09.08.2021 09:40:18.888,28.00
09.08.2021 09:40:19.653,28.00
09.08.2021 09:40:19.878,28.00
09.08.2021 09:40:20.731,28.00
09.08.2021 09:40:20.994,28.00
09.08.2021 09:40:21.676,28.00
09.08.2021 09:40:22.612,28.00
09.08.2021 09:40:23.599,28.00
09.08.2021 09:40:24.600,28.00
09.08.2021 09:40:25.706,28.00
09.08.2021 09:40:26.612,28.00
09.08.2021 09:40:27.602,28.00
09.08.2021 09:40:28.620,28.00
09.08.2021 09:40:29.607,28.00
09.08.2021 09:40:30.600,28.00
09.08.2021 09:40:31.619,28.00
09.08.2021 09:40:32.610,28.00
09.08.2021 09:40:33.603,28.00
09.08.2021 09:40:34.623,28.00
09.08.2021 09:40:35.613,28.00
09.08.2021 09:40:36.600,28.00
09.08.2021 09:40:37.620,28.00
09.08.2021 09:40:38.610,28.00
09.08.2021 09:40:39.603,28.00
09.08.2021 09:40:40.623,28.00
09.08.2021 09:40:41.612,28.00
09.08.2021 09:40:42.599,28.00
09.08.2021 09:40:43.619,28.00
09.08.2021 09:40:44.607,28.00
09.08.2021 09:40:45.598,28.00
09.08.2021 09:40:46.588,28.00
09.08.2021 09:40:47.613,28.00
09.08.2021 09:40:48.604,28.00
09.08.2021 09:40:49.622,28.00
09.08.2021 09:40:50.613,28.00
09.08.2021 09:40:51.602,28.00
09.08.2021 09:40:52.620,28.00
09.08.2021 09:40:53.613,28.00
09.08.2021 09:40:54.602,28.00
09.08.2021 09:40:55.621,28.00
09.08.2021 09:40:56.612,28.00
09.08.2021 09:40:57.600,28.00
09.08.2021 09:40:58.694,28.00
09.08.2021 09:40:59.685,28.00
09.08.2021 09:41:00.676,28.00
09.08.2021 09:41:01.663,28.00
09.08.2021 09:41:02.683,28.00
09.08.2021 09:41:03.676,28.00
09.08.2021 09:41:04.696,28.00
09.08.2021 09:41:05.688,28.00
09.08.2021 09:41:05.897,28.00
09.08.2021 09:41:06.677,28.00
09.08.2021 09:41:07.696,28.00
09.08.2021 09:41:08.687,28.00
09.08.2021 09:41:09.678,28.00
09.08.2021 09:41:10.694,28.00
09.08.2021 09:41:11.686,28.00
09.08.2021 09:41:12.675,28.00
09.08.2021 09:41:13.697,28.00
09.08.2021 09:41:14.685,28.00
09.08.2021 09:41:15.677,28.00
09.08.2021 09:41:16.697,28.00
09.08.2021 09:41:17.681,28.00
09.08.2021 09:41:18.675,28.00
09.08.2021 09:41:20.112,28.00
09.08.2021 09:41:20.684,28.00
09.08.2021 09:41:21.674,28.00
09.08.2021 09:41:22.698,28.00
09.08.2021 09:41:23.683,28.00
09.08.2021 09:41:24.673,28.00
09.08.2021 09:41:25.696,28.00
09.08.2021 09:41:26.689,28.00
09.08.2021 09:41:27.675,28.00
09.08.2021 09:41:28.690,28.00
09.08.2021 09:41:29.685,28.00
09.08.2021 09:41:30.677,28.00
09.08.2021 09:41:32.322,28.00
09.08.2021 09:41:32.684,28.00
09.08.2021 09:41:33.677,28.00
09.08.2021 09:41:34.697,28.00
09.08.2021 09:41:35.685,28.00
09.08.2021 09:41:36.677,28.00
09.08.2021 09:41:37.699,28.00
09.08.2021 09:41:38.689,28.00
09.08.2021 09:41:39.676,28.00
09.08.2021 09:41:40.701,28.00
09.08.2021 09:41:41.680,28.00
09.08.2021 09:41:42.670,28.00
09.08.2021 09:41:43.692,28.00
09.08.2021 09:41:44.681,28.00
09.08.2021 09:41:45.674,28.00
09.08.2021 09:41:46.691,28.00
09.08.2021 09:41:47.679,28.00
09.08.2021 09:41:48.669,28.00
09.08.2021 09:41:49.662,28.00
09.08.2021 09:41:50.681,28.00
09.08.2021 09:41:51.673,28.00
09.08.2021 09:41:52.692,28.00
09.08.2021 09:41:53.681,28.00
09.08.2021 09:41:54.672,28.00
09.08.2021 09:41:55.659,28.00
09.08.2021 09:41:56.682,28.00
09.08.2021 09:41:57.668,28.00
09.08.2021 09:41:58.661,28.00
09.08.2021 09:41:59.686,28.00
09.08.2021 09:42:00.672,28.00
09.08.2021 09:42:01.661,28.00
09.08.2021 09:42:02.683,28.00
09.08.2021 09:42:03.673,28.00
09.08.2021 09:42:04.662,28.00
09.08.2021 09:42:05.684,28.00
09.08.2021 09:42:06.673,28.00
09.08.2021 09:42:07.662,28.00
09.08.2021 09:42:08.682,28.00
09.08.2021 09:42:09.672,28.00
09.08.2021 09:42:10.664,28.00
09.08.2021 09:42:11.682,28.00
09.08.2021 09:42:12.674,28.00
09.08.2021 09:42:13.691,28.00
09.08.2021 09:42:14.682,28.00
09.08.2021 09:42:15.673,28.00
09.08.2021 09:42:16.659,28.00
09.08.2021 09:42:17.679,28.00
09.08.2021 09:42:18.670,28.00
09.08.2021 09:42:19.658,28.00
09.08.2021 09:42:20.682,28.00
09.08.2021 09:42:21.673,28.00
09.08.2021 09:42:22.692,28.00
09.08.2021 09:42:23.679,28.00
09.08.2021 09:42:24.672,28.00
09.08.2021 09:42:25.662,28.00
09.08.2021 09:42:26.683,28.00
09.08.2021 09:42:27.673,28.00
09.08.2021 09:42:28.662,28.00
09.08.2021 09:42:29.681,28.00
09.08.2021 09:42:30.672,28.00
09.08.2021 09:42:31.662,28.00
09.08.2021 09:42:32.681,28.00
09.08.2021 09:42:33.672,28.00
09.08.2021 09:42:34.664,28.00
09.08.2021 09:42:35.682,28.00
09.08.2021 09:42:36.677,28.00
09.08.2021 09:42:37.663,28.00
09.08.2021 09:42:38.683,28.00
09.08.2021 09:42:39.672,28.00
09.08.2021 09:42:40.663,28.00
09.08.2021 09:42:41.682,28.00
09.08.2021 09:42:42.672,28.00
09.08.2021 09:42:43.658,28.00
09.08.2021 09:42:44.678,28.00
09.08.2021 09:42:45.669,28.00
09.08.2021 09:42:46.659,28.00
09.08.2021 09:42:47.679,28.00
09.08.2021 09:42:48.673,28.00
09.08.2021 09:42:49.657,28.00
09.08.2021 09:42:50.681,28.00
09.08.2021 09:42:51.670,28.00
09.08.2021 09:42:52.660,28.00
09.08.2021 09:42:53.678,28.00
09.08.2021 09:42:54.669,28.00
09.08.2021 09:42:55.688,28.00
09.08.2021 09:42:56.680,28.00
09.08.2021 09:42:57.673,28.00
09.08.2021 09:42:58.663,28.00
09.08.2021 09:42:59.681,28.00
09.08.2021 09:43:00.670,28.00
09.08.2021 09:43:01.660,28.00
09.08.2021 09:43:02.680,28.00
09.08.2021 09:43:03.674,28.00
09.08.2021 09:43:04.663,28.00
09.08.2021 09:43:05.682,28.00
09.08.2021 09:43:06.672,28.00
09.08.2021 09:43:07.662,28.00
09.08.2021 09:43:08.682,28.00
09.08.2021 09:43:09.673,28.00
09.08.2021 09:43:10.662,28.00
09.08.2021 09:43:11.683,28.00
09.08.2021 09:43:12.672,28.00
09.08.2021 09:43:13.662,29.00
09.08.2021 09:43:14.683,29.00
09.08.2021 09:43:15.674,29.00
09.08.2021 09:43:16.663,28.00
09.08.2021 09:43:17.683,29.00
09.08.2021 09:43:18.673,29.00
09.08.2021 09:43:19.663,29.00
09.08.2021 09:43:20.683,29.00
09.08.2021 09:43:21.673,29.00
09.08.2021 09:43:22.693,29.00
09.08.2021 09:43:23.683,29.00
09.08.2021 09:43:24.674,29.00
09.08.2021 09:43:25.663,29.00
09.08.2021 09:43:26.684,29.00
09.08.2021 09:43:27.674,29.00
09.08.2021 09:43:28.663,29.00
09.08.2021 09:43:29.683,29.00
09.08.2021 09:43:30.673,29.00
09.08.2021 09:43:31.663,29.00
09.08.2021 09:43:32.684,29.00
09.08.2021 09:43:33.672,29.00
09.08.2021 09:43:34.664,29.00
09.08.2021 09:43:35.683,29.00
09.08.2021 09:43:35.895,29.00
09.08.2021 09:43:36.673,29.00
09.08.2021 09:43:37.664,29.00
09.08.2021 09:43:38.684,29.00
09.08.2021 09:43:39.669,29.00
09.08.2021 09:43:40.664,29.00
09.08.2021 09:43:41.683,29.00
09.08.2021 09:43:42.674,29.00
09.08.2021 09:43:43.667,29.00
09.08.2021 09:43:44.684,29.00
09.08.2021 09:43:45.672,29.00
09.08.2021 09:43:46.664,29.00
09.08.2021 09:43:47.683,29.00
09.08.2021 09:43:48.673,29.00
09.08.2021 09:43:49.666,29.00
09.08.2021 09:43:50.684,29.00
09.08.2021 09:43:51.673,29.00
09.08.2021 09:43:52.663,29.00
09.08.2021 09:43:53.684,29.00
09.08.2021 09:43:54.674,29.00
09.08.2021 09:43:55.664,29.00
09.08.2021 09:43:56.684,29.00
09.08.2021 09:43:57.673,29.00
09.08.2021 09:43:58.664,29.00
09.08.2021 09:43:59.683,29.00
09.08.2021 09:44:00.670,29.00
09.08.2021 09:44:01.664,29.00
09.08.2021 09:44:02.684,29.00
09.08.2021 09:44:03.674,29.00
09.08.2021 09:44:04.664,29.00
09.08.2021 09:44:05.684,29.00
09.08.2021 09:44:06.673,29.00
09.08.2021 09:44:07.661,29.00
09.08.2021 09:44:08.682,29.00
09.08.2021 09:44:09.673,29.00
09.08.2021 09:44:10.665,29.00
09.08.2021 09:44:11.684,29.00
09.08.2021 09:44:12.673,29.00
09.08.2021 09:44:13.665,29.00
09.08.2021 09:44:14.684,29.00
09.08.2021 09:44:15.673,29.00
09.08.2021 09:44:16.664,29.00
09.08.2021 09:44:17.685,29.00
09.08.2021 09:44:18.675,29.00
09.08.2021 09:44:19.660,29.00
09.08.2021 09:44:20.687,29.00
09.08.2021 09:44:21.674,29.00
09.08.2021 09:44:22.662,29.00
09.08.2021 09:44:23.684,29.00
09.08.2021 09:44:24.671,29.00
09.08.2021 09:44:25.664,29.00
09.08.2021 09:44:26.684,29.00
09.08.2021 09:44:27.674,29.00
09.08.2021 09:44:28.663,29.00
09.08.2021 09:44:29.683,29.00
09.08.2021 09:44:30.672,29.00
09.08.2021 09:44:31.661,29.00
09.08.2021 09:44:32.681,29.00
09.08.2021 09:44:33.673,29.00
09.08.2021 09:44:34.664,29.00
09.08.2021 09:44:35.686,29.00
09.08.2021 09:44:36.674,29.00
09.08.2021 09:44:37.668,29.00
09.08.2021 09:44:38.683,29.00
09.08.2021 09:44:39.674,29.00
09.08.2021 09:44:40.663,29.00
09.08.2021 09:44:41.684,29.00
09.08.2021 09:44:42.673,29.00
09.08.2021 09:44:43.661,29.00
09.08.2021 09:44:44.683,29.00
09.08.2021 09:44:45.668,29.00
09.08.2021 09:44:46.658,29.00
09.08.2021 09:44:47.680,29.00
09.08.2021 09:44:48.674,29.00
09.08.2021 09:44:49.663,29.00
09.08.2021 09:44:50.685,29.00
09.08.2021 09:44:51.673,29.00
09.08.2021 09:44:52.664,29.00
09.08.2021 09:44:53.684,29.00
09.08.2021 09:44:54.674,29.00
09.08.2021 09:44:55.662,29.00
09.08.2021 09:44:56.685,29.00
09.08.2021 09:44:57.673,29.00
09.08.2021 09:44:58.662,29.00
09.08.2021 09:44:59.685,29.00
09.08.2021 09:45:00.669,29.00
09.08.2021 09:45:01.664,29.00
09.08.2021 09:45:02.683,29.00
09.08.2021 09:45:03.675,29.00
09.08.2021 09:45:04.663,29.00
09.08.2021 09:45:05.683,29.00
09.08.2021 09:45:06.673,29.00
09.08.2021 09:45:07.694,29.00
09.08.2021 09:45:08.681,29.00
09.08.2021 09:45:09.672,29.00
09.08.2021 09:45:10.661,29.00
09.08.2021 09:45:11.683,29.00
09.08.2021 09:45:12.673,29.00
09.08.2021 09:45:13.663,29.00
09.08.2021 09:45:14.683,29.00
09.08.2021 09:45:15.670,29.00
09.08.2021 09:45:16.662,29.00
09.08.2021 09:45:17.683,29.00
09.08.2021 09:45:18.674,29.00
09.08.2021 09:45:19.664,29.00
09.08.2021 09:45:20.681,29.00
09.08.2021 09:45:21.674,29.00
09.08.2021 09:45:22.665,29.00
09.08.2021 09:45:23.684,29.00
09.08.2021 09:45:24.673,29.00
09.08.2021 09:45:25.665,29.00
09.08.2021 09:45:26.683,29.00
09.08.2021 09:45:27.674,29.00
09.08.2021 09:45:28.665,29.00
09.08.2021 09:45:29.684,29.00
09.08.2021 09:45:30.675,29.00
09.08.2021 09:45:31.666,29.00
09.08.2021 09:45:32.685,29.00
09.08.2021 09:45:33.672,29.00
09.08.2021 09:45:34.665,29.00
09.08.2021 09:45:35.685,29.00
09.08.2021 09:45:36.673,29.00
09.08.2021 09:45:37.665,29.00
09.08.2021 09:45:38.685,29.00
09.08.2021 09:45:39.675,29.00
09.08.2021 09:45:40.666,29.00
09.08.2021 09:45:41.685,29.00
09.08.2021 09:45:42.676,29.00
09.08.2021 09:45:43.665,29.00
09.08.2021 09:45:44.685,29.00
09.08.2021 09:45:45.676,29.00
09.08.2021 09:45:46.662,29.00
09.08.2021 09:45:47.682,29.00
09.08.2021 09:45:48.672,29.00
09.08.2021 09:45:49.666,29.00
09.08.2021 09:45:50.685,29.00
09.08.2021 09:45:51.676,29.00
09.08.2021 09:45:52.696,29.00
09.08.2021 09:45:53.685,29.00
09.08.2021 09:45:54.675,29.00
09.08.2021 09:45:55.666,29.00
09.08.2021 09:45:56.686,29.00
09.08.2021 09:45:57.676,29.00
09.08.2021 09:45:58.664,29.00
09.08.2021 09:45:59.685,29.00
09.08.2021 09:46:00.676,29.00
09.08.2021 09:46:01.664,29.00
09.08.2021 09:46:02.685,29.00
09.08.2021 09:46:03.675,29.00
09.08.2021 09:46:04.666,29.00
09.08.2021 09:46:05.686,29.00
09.08.2021 09:46:06.676,29.00
09.08.2021 09:46:07.666,29.00
09.08.2021 09:46:08.686,29.00
09.08.2021 09:46:09.676,29.00
09.08.2021 09:46:10.665,29.00
09.08.2021 09:46:11.687,29.00
09.08.2021 09:46:12.676,29.00
09.08.2021 09:46:13.666,29.00
09.08.2021 09:46:14.686,29.00
09.08.2021 09:46:15.673,29.00
09.08.2021 09:46:16.665,29.00
09.08.2021 09:46:17.686,29.00
09.08.2021 09:46:18.677,29.00
09.08.2021 09:46:19.666,29.00
09.08.2021 09:46:20.686,29.00
09.08.2021 09:46:21.678,29.00
09.08.2021 09:46:22.667,29.00
09.08.2021 09:46:23.687,29.00
09.08.2021 09:46:24.678,29.00
09.08.2021 09:46:25.667,29.00
09.08.2021 09:46:26.687,29.00
09.08.2021 09:46:27.678,29.00
09.08.2021 09:46:28.668,29.00
09.08.2021 09:46:29.686,29.00
09.08.2021 09:46:30.678,29.00
09.08.2021 09:46:31.668,29.00
09.08.2021 09:46:32.688,29.00
09.08.2021 09:46:33.673,29.00
09.08.2021 09:46:34.668,29.00
09.08.2021 09:46:35.687,29.00
09.08.2021 09:46:36.676,29.00
09.08.2021 09:46:37.668,29.00
09.08.2021 09:46:38.687,29.00
09.08.2021 09:46:39.677,29.00
09.08.2021 09:46:40.667,29.00
09.08.2021 09:46:41.688,29.00
09.08.2021 09:46:42.677,29.00
09.08.2021 09:46:43.667,29.00
09.08.2021 09:46:44.687,29.00
09.08.2021 09:46:45.674,29.00
09.08.2021 09:46:46.666,29.00
09.08.2021 09:46:47.687,29.00
09.08.2021 09:46:48.677,29.00
09.08.2021 09:46:49.668,29.00
09.08.2021 09:46:50.687,29.00
09.08.2021 09:46:51.677,29.00
09.08.2021 09:46:52.669,29.00
09.08.2021 09:46:53.687,29.00
09.08.2021 09:46:54.677,29.00
09.08.2021 09:46:55.667,29.00
09.08.2021 09:46:56.686,29.00
09.08.2021 09:46:57.678,29.00
09.08.2021 09:46:58.668,29.00
09.08.2021 09:46:59.687,29.00
09.08.2021 09:47:00.671,29.00
09.08.2021 09:47:01.668,29.00
09.08.2021 09:47:02.686,29.00
09.08.2021 09:47:03.678,29.00
09.08.2021 09:47:04.667,29.00
09.08.2021 09:47:05.687,29.00
09.08.2021 09:47:06.678,29.00
09.08.2021 09:47:07.667,29.00
09.08.2021 09:47:08.687,29.00
09.08.2021 09:47:09.679,29.00
09.08.2021 09:47:10.668,29.00
09.08.2021 09:47:11.686,29.00
09.08.2021 09:47:12.679,29.00
09.08.2021 09:47:13.667,29.00
09.08.2021 09:47:14.688,29.00
09.08.2021 09:47:15.677,29.00
09.08.2021 09:47:16.668,29.00
09.08.2021 09:47:17.688,29.00
09.08.2021 09:47:18.677,29.00
09.08.2021 09:47:19.668,29.00
09.08.2021 09:47:20.688,29.00
09.08.2021 09:47:21.678,29.00
09.08.2021 09:47:22.668,29.00
09.08.2021 09:47:23.686,29.00
09.08.2021 09:47:24.679,29.00
09.08.2021 09:47:25.667,29.00
09.08.2021 09:47:26.687,29.00
09.08.2021 09:47:27.679,29.00
09.08.2021 09:47:28.667,29.00
09.08.2021 09:47:29.690,29.00
09.08.2021 09:47:30.678,29.00
09.08.2021 09:47:31.668,29.00
09.08.2021 09:47:32.687,29.00
09.08.2021 09:47:33.678,29.00
09.08.2021 09:47:34.664,29.00
09.08.2021 09:47:35.688,29.00
09.08.2021 09:47:36.679,29.00
09.08.2021 09:47:37.669,29.00
09.08.2021 09:47:38.689,29.00
09.08.2021 09:47:39.680,29.00
09.08.2021 09:47:40.669,29.00
09.08.2021 09:47:41.688,29.00
09.08.2021 09:47:42.681,29.00
09.08.2021 09:47:43.670,29.00
09.08.2021 09:47:44.689,29.00
09.08.2021 09:47:45.676,29.00
09.08.2021 09:47:46.670,29.00
09.08.2021 09:47:47.690,29.00
09.08.2021 09:47:48.680,29.00
09.08.2021 09:47:49.670,29.00
09.08.2021 09:47:50.691,29.00
09.08.2021 09:47:51.680,29.00
09.08.2021 09:47:52.670,29.00
09.08.2021 09:47:53.691,29.00
09.08.2021 09:47:54.680,29.00
09.08.2021 09:47:55.669,29.00
09.08.2021 09:47:56.690,29.00
09.08.2021 09:47:57.679,29.00
09.08.2021 09:47:58.669,29.00
09.08.2021 09:47:59.687,29.00
09.08.2021 09:48:00.677,29.00
09.08.2021 09:48:01.669,29.00
09.08.2021 09:48:02.691,29.00
09.08.2021 09:48:03.680,29.00
09.08.2021 09:48:04.667,29.00
09.08.2021 09:48:05.690,29.00
09.08.2021 09:48:06.679,29.00
09.08.2021 09:48:07.670,29.00
09.08.2021 09:48:08.689,29.00
09.08.2021 09:48:09.681,29.00
09.08.2021 09:48:10.670,29.00
09.08.2021 09:48:11.689,29.00
09.08.2021 09:48:12.681,29.00
09.08.2021 09:48:13.669,29.00
09.08.2021 09:48:14.688,29.00
09.08.2021 09:48:15.680,29.00
09.08.2021 09:48:16.671,29.00
09.08.2021 09:48:17.689,29.00
09.08.2021 09:48:18.681,29.00
09.08.2021 09:48:19.670,29.00
09.08.2021 09:48:20.690,29.00
09.08.2021 09:48:21.681,29.00
09.08.2021 09:48:22.672,29.00
09.08.2021 09:48:23.690,29.00
09.08.2021 09:48:24.681,29.00
09.08.2021 09:48:25.670,29.00
09.08.2021 09:48:26.691,29.00
09.08.2021 09:48:27.681,29.00
09.08.2021 09:48:28.671,29.00
09.08.2021 09:48:29.689,29.00
09.08.2021 09:48:30.680,29.00
09.08.2021 09:48:31.671,29.00
09.08.2021 09:48:32.691,29.00
09.08.2021 09:48:33.681,29.00
09.08.2021 09:48:34.670,29.00
09.08.2021 09:48:35.691,29.00
09.08.2021 09:48:36.681,29.00
09.08.2021 09:48:37.670,29.00
09.08.2021 09:48:38.691,29.00
09.08.2021 09:48:39.681,29.00
09.08.2021 09:48:40.670,29.00
09.08.2021 09:48:41.690,29.00
09.08.2021 09:48:42.680,29.00
09.08.2021 09:48:43.667,29.00
09.08.2021 09:48:44.687,29.00
09.08.2021 09:48:45.676,29.00
09.08.2021 09:48:46.670,29.00
09.08.2021 09:48:47.690,29.00
09.08.2021 09:48:48.681,29.00
09.08.2021 09:48:49.670,29.00
09.08.2021 09:48:50.691,29.00
09.08.2021 09:48:51.681,29.00
09.08.2021 09:48:52.670,29.00
09.08.2021 09:48:53.691,29.00
09.08.2021 09:48:54.681,29.00
09.08.2021 09:48:55.673,29.00
09.08.2021 09:48:56.690,29.00
09.08.2021 09:48:57.681,29.00
09.08.2021 09:48:58.672,29.00
09.08.2021 09:48:59.691,29.00
09.08.2021 09:49:00.680,29.00
09.08.2021 09:49:01.672,29.00
09.08.2021 09:49:02.692,29.00
09.08.2021 09:49:03.681,29.00
09.08.2021 09:49:04.668,29.00
09.08.2021 09:49:05.691,29.00
09.08.2021 09:49:06.680,29.00
09.08.2021 09:49:07.671,29.00
09.08.2021 09:49:08.692,29.00
09.08.2021 09:49:09.682,29.00
09.08.2021 09:49:10.670,29.00
09.08.2021 09:49:11.692,29.00
09.08.2021 09:49:12.681,29.00
09.08.2021 09:49:13.671,29.00
09.08.2021 09:49:14.692,29.00
09.08.2021 09:49:15.677,29.00
09.08.2021 09:49:16.671,29.00
09.08.2021 09:49:17.692,29.00
09.08.2021 09:49:18.681,29.00
09.08.2021 09:49:19.671,29.00
09.08.2021 09:49:20.692,29.00
09.08.2021 09:49:21.680,29.00
09.08.2021 09:49:22.672,29.00
09.08.2021 09:49:23.691,29.00
09.08.2021 09:49:24.682,29.00
09.08.2021 09:49:25.671,29.00
09.08.2021 09:49:26.691,29.00
09.08.2021 09:49:27.681,29.00
09.08.2021 09:49:28.672,29.00
09.08.2021 09:49:29.690,29.00
09.08.2021 09:49:30.680,29.00
09.08.2021 09:49:31.671,29.00
09.08.2021 09:49:32.691,29.00
09.08.2021 09:49:33.680,29.00
09.08.2021 09:49:34.673,29.00
09.08.2021 09:49:35.692,29.00
09.08.2021 09:49:36.682,29.00
09.08.2021 09:49:37.671,29.00
09.08.2021 09:49:38.691,29.00
09.08.2021 09:49:39.679,29.00
09.08.2021 09:49:40.672,29.00
09.08.2021 09:49:41.692,29.00
09.08.2021 09:49:42.682,29.00
09.08.2021 09:49:43.671,29.00
09.08.2021 09:49:44.693,29.00
09.08.2021 09:49:45.682,29.00
09.08.2021 09:49:46.673,29.00
09.08.2021 09:49:47.695,29.00
09.08.2021 09:49:48.682,29.00
09.08.2021 09:49:49.672,29.00
09.08.2021 09:49:50.692,29.00
09.08.2021 09:49:51.682,29.00
09.08.2021 09:49:52.672,29.00
09.08.2021 09:49:53.693,29.00
09.08.2021 09:49:54.684,29.00
09.08.2021 09:49:55.671,29.00
09.08.2021 09:49:56.692,29.00
09.08.2021 09:49:57.687,29.00
09.08.2021 09:49:58.673,29.00
09.08.2021 09:49:59.692,29.00
09.08.2021 09:50:00.680,29.00
09.08.2021 09:50:01.671,29.00
09.08.2021 09:50:02.693,29.00
09.08.2021 09:50:03.683,29.00
09.08.2021 09:50:04.672,29.00
09.08.2021 09:50:05.690,29.00
09.08.2021 09:50:06.682,29.00
09.08.2021 09:50:07.673,29.00
09.08.2021 09:50:08.692,29.00
09.08.2021 09:50:09.682,29.00
09.08.2021 09:50:10.673,29.00
09.08.2021 09:50:11.692,29.00
09.08.2021 09:50:12.682,29.00
09.08.2021 09:50:13.673,29.00
09.08.2021 09:50:14.693,29.00
09.08.2021 09:50:15.683,29.00
09.08.2021 09:50:16.674,29.00
09.08.2021 09:50:17.693,29.00
09.08.2021 09:50:18.683,29.00
09.08.2021 09:50:19.672,29.00
09.08.2021 09:50:20.693,29.00
09.08.2021 09:50:21.682,29.00
09.08.2021 09:50:22.675,29.00
09.08.2021 09:50:23.693,29.00
09.08.2021 09:50:24.682,29.00
09.08.2021 09:50:25.673,29.00
09.08.2021 09:50:26.694,29.00
09.08.2021 09:50:27.685,29.00
09.08.2021 09:50:28.670,29.00
09.08.2021 09:50:29.694,29.00
09.08.2021 09:50:30.683,29.00
09.08.2021 09:50:31.674,29.00
09.08.2021 09:50:32.695,29.00
09.08.2021 09:50:33.684,29.00
09.08.2021 09:50:34.671,29.00
09.08.2021 09:50:35.693,29.00
09.08.2021 09:50:36.680,29.00
09.08.2021 09:50:37.673,29.00
09.08.2021 09:50:38.696,29.00
09.08.2021 09:50:39.682,29.00
09.08.2021 09:50:40.672,29.00
09.08.2021 09:50:41.690,29.00
09.08.2021 09:50:42.679,29.00
09.08.2021 09:50:43.674,29.00
09.08.2021 09:50:44.693,29.00
09.08.2021 09:50:45.679,29.00
09.08.2021 09:50:46.673,29.00
09.08.2021 09:50:47.690,29.00
09.08.2021 09:50:48.681,29.00
09.08.2021 09:50:49.674,29.00
09.08.2021 09:50:50.690,29.00
09.08.2021 09:50:51.683,29.00
09.08.2021 09:50:52.675,29.00
09.08.2021 09:50:53.690,29.00
09.08.2021 09:50:54.684,29.00
09.08.2021 09:50:55.675,29.00
09.08.2021 09:50:56.692,29.00
09.08.2021 09:50:57.684,29.00
09.08.2021 09:50:58.674,29.00
09.08.2021 09:50:59.694,29.00
09.08.2021 09:51:00.683,29.00
09.08.2021 09:51:01.675,29.00
09.08.2021 09:51:02.694,29.00
09.08.2021 09:51:03.684,29.00
09.08.2021 09:51:04.673,29.00
09.08.2021 09:51:05.690,29.00
09.08.2021 09:51:06.684,29.00
09.08.2021 09:51:07.674,29.00
09.08.2021 09:51:08.694,29.00
09.08.2021 09:51:09.684,29.00
09.08.2021 09:51:10.674,29.00
09.08.2021 09:51:11.694,29.00
09.08.2021 09:51:12.683,29.00
09.08.2021 09:51:13.676,29.00
09.08.2021 09:51:14.693,29.00
09.08.2021 09:51:15.685,29.00
09.08.2021 09:51:16.673,29.00
09.08.2021 09:51:17.696,29.00
09.08.2021 09:51:18.684,29.00
09.08.2021 09:51:19.674,29.00
09.08.2021 09:51:20.696,29.00
09.08.2021 09:51:21.687,29.00
09.08.2021 09:51:22.732,29.00
09.08.2021 09:51:23.694,29.00
09.08.2021 09:51:24.683,29.00
09.08.2021 09:51:25.674,29.00
09.08.2021 09:51:26.694,29.00
09.08.2021 09:51:27.687,29.00
09.08.2021 09:51:28.673,30.00
09.08.2021 09:51:29.696,30.00
09.08.2021 09:51:30.684,30.00
09.08.2021 09:51:31.673,30.00
09.08.2021 09:51:32.693,30.00
09.08.2021 09:51:33.683,30.00
09.08.2021 09:51:34.673,30.00
09.08.2021 09:51:35.693,30.00
09.08.2021 09:51:36.681,30.00
09.08.2021 09:51:37.674,30.00
09.08.2021 09:51:38.694,30.00
09.08.2021 09:51:39.685,30.00
09.08.2021 09:51:40.673,30.00
09.08.2021 09:51:41.693,30.00
09.08.2021 09:51:42.683,30.00
09.08.2021 09:51:43.674,30.00
09.08.2021 09:51:44.694,30.00
09.08.2021 09:51:45.683,30.00
09.08.2021 09:51:46.674,30.00
09.08.2021 09:51:47.695,30.00
09.08.2021 09:51:48.683,30.00
09.08.2021 09:51:49.675,30.00
09.08.2021 09:51:50.695,30.00
09.08.2021 09:51:51.684,30.00
09.08.2021 09:51:52.674,30.00
09.08.2021 09:51:53.695,30.00
09.08.2021 09:51:54.684,30.00
09.08.2021 09:51:55.674,30.00
09.08.2021 09:51:56.694,30.00
09.08.2021 09:51:57.684,30.00
09.08.2021 09:51:58.674,30.00
09.08.2021 09:51:59.695,30.00
09.08.2021 09:52:00.685,30.00
09.08.2021 09:52:01.675,30.00
09.08.2021 09:52:02.694,30.00
09.08.2021 09:52:03.687,30.00
09.08.2021 09:52:04.674,30.00
09.08.2021 09:52:05.694,30.00
09.08.2021 09:52:06.684,30.00
09.08.2021 09:52:07.675,30.00
09.08.2021 09:52:08.695,30.00
09.08.2021 09:52:09.683,30.00
09.08.2021 09:52:10.675,30.00
09.08.2021 09:52:11.694,30.00
09.08.2021 09:52:12.685,30.00
09.08.2021 09:52:13.672,30.00
09.08.2021 09:52:14.691,30.00
09.08.2021 09:52:15.682,30.00
09.08.2021 09:52:16.672,30.00
09.08.2021 09:52:17.694,30.00
09.08.2021 09:52:18.685,30.00
09.08.2021 09:52:19.675,30.00
09.08.2021 09:52:20.692,30.00
09.08.2021 09:52:21.686,30.00
09.08.2021 09:52:22.675,30.00
09.08.2021 09:52:23.695,30.00
09.08.2021 09:52:24.686,30.00
09.08.2021 09:52:25.675,30.00
09.08.2021 09:52:26.696,30.00
09.08.2021 09:52:27.685,30.00
09.08.2021 09:52:28.676,30.00
09.08.2021 09:52:29.695,30.00
09.08.2021 09:52:30.686,30.00
09.08.2021 09:52:31.672,30.00
09.08.2021 09:52:32.668,30.00
09.08.2021 09:52:33.686,30.00
09.08.2021 09:52:34.675,30.00
09.08.2021 09:52:35.696,30.00
09.08.2021 09:52:36.682,30.00
09.08.2021 09:52:37.675,30.00
09.08.2021 09:52:38.696,30.00
09.08.2021 09:52:39.685,30.00
09.08.2021 09:52:40.675,30.00
09.08.2021 09:52:41.696,30.00
09.08.2021 09:52:42.686,30.00
09.08.2021 09:52:43.675,30.00
09.08.2021 09:52:44.696,30.00
09.08.2021 09:52:45.686,30.00
09.08.2021 09:52:46.675,30.00
09.08.2021 09:52:47.696,30.00
09.08.2021 09:52:48.686,30.00
09.08.2021 09:52:49.676,30.00
09.08.2021 09:52:50.695,30.00
09.08.2021 09:52:51.687,30.00
09.08.2021 09:52:52.676,30.00
09.08.2021 09:52:53.695,30.00
09.08.2021 09:52:54.686,30.00
09.08.2021 09:52:55.676,30.00
09.08.2021 09:52:56.696,30.00
09.08.2021 09:52:57.686,30.00
09.08.2021 09:52:58.676,30.00
09.08.2021 09:52:59.696,30.00
09.08.2021 09:53:00.686,30.00
09.08.2021 09:53:01.676,30.00
09.08.2021 09:53:02.697,30.00
09.08.2021 09:53:03.685,30.00
09.08.2021 09:53:04.676,30.00
09.08.2021 09:53:05.696,30.00
09.08.2021 09:53:06.687,30.00
09.08.2021 09:53:07.676,30.00
09.08.2021 09:53:08.697,30.00
09.08.2021 09:53:09.688,30.00
09.08.2021 09:53:10.677,30.00
09.08.2021 09:53:11.698,30.00
09.08.2021 09:53:12.688,30.00
09.08.2021 09:53:13.677,30.00
09.08.2021 09:53:14.697,30.00
09.08.2021 09:53:15.688,30.00
09.08.2021 09:53:16.676,30.00
09.08.2021 09:53:17.696,30.00
09.08.2021 09:53:18.686,30.00
09.08.2021 09:53:19.676,30.00
09.08.2021 09:53:20.698,30.00
09.08.2021 09:53:21.687,30.00
09.08.2021 09:53:22.678,30.00
09.08.2021 09:53:23.696,30.00
09.08.2021 09:53:24.688,30.00
09.08.2021 09:53:25.677,30.00
09.08.2021 09:53:26.697,30.00
09.08.2021 09:53:27.689,30.00
09.08.2021 09:53:28.681,30.00
09.08.2021 09:53:29.697,30.00
09.08.2021 09:53:30.688,30.00
09.08.2021 09:53:31.679,30.00
09.08.2021 09:53:32.697,30.00
09.08.2021 09:53:33.689,30.00
09.08.2021 09:53:34.679,30.00
09.08.2021 09:53:35.698,30.00
09.08.2021 09:53:36.688,30.00
09.08.2021 09:53:37.676,30.00
09.08.2021 09:53:38.698,30.00
09.08.2021 09:53:39.690,30.00
09.08.2021 09:53:40.678,30.00
09.08.2021 09:53:41.697,30.00
09.08.2021 09:53:42.687,30.00
09.08.2021 09:53:43.678,30.00
09.08.2021 09:53:44.700,30.00
09.08.2021 09:53:45.688,30.00
09.08.2021 09:53:46.677,30.00
09.08.2021 09:53:47.699,30.00
09.08.2021 09:53:48.689,30.00
09.08.2021 09:53:49.677,30.00
09.08.2021 09:53:50.700,30.00
09.08.2021 09:53:51.687,30.00
09.08.2021 09:53:52.737,30.00
09.08.2021 09:53:53.699,30.00
09.08.2021 09:53:54.689,30.00
09.08.2021 09:53:55.677,30.00
09.08.2021 09:53:56.699,30.00
09.08.2021 09:53:56.939,30.00
09.08.2021 09:53:57.688,30.00
09.08.2021 09:53:58.678,30.00
09.08.2021 09:53:59.699,30.00
09.08.2021 09:54:00.689,30.00
09.08.2021 09:54:01.678,30.00
09.08.2021 09:54:02.698,30.00
09.08.2021 09:54:03.689,30.00
09.08.2021 09:54:04.678,30.00
09.08.2021 09:54:05.698,30.00
09.08.2021 09:54:06.690,30.00
09.08.2021 09:54:07.678,30.00
09.08.2021 09:54:08.699,30.00
09.08.2021 09:54:09.689,30.00
09.08.2021 09:54:10.679,30.00
09.08.2021 09:54:11.698,30.00
09.08.2021 09:54:12.689,30.00
09.08.2021 09:54:13.678,30.00
09.08.2021 09:54:14.699,30.00
09.08.2021 09:54:15.689,30.00
09.08.2021 09:54:16.677,30.00
09.08.2021 09:54:17.699,30.00
09.08.2021 09:54:18.690,30.00
09.08.2021 09:54:19.681,30.00
09.08.2021 09:54:20.701,30.00
09.08.2021 09:54:21.689,30.00
09.08.2021 09:54:22.679,30.00
09.08.2021 09:54:23.700,30.00
09.08.2021 09:54:24.690,30.00
09.08.2021 09:54:25.679,30.00
09.08.2021 09:54:26.699,30.00
09.08.2021 09:54:27.689,30.00
09.08.2021 09:54:28.679,30.00
09.08.2021 09:54:29.699,30.00
09.08.2021 09:54:30.689,30.00
09.08.2021 09:54:31.678,30.00
09.08.2021 09:54:32.700,30.00
09.08.2021 09:54:33.690,30.00
09.08.2021 09:54:34.679,30.00
09.08.2021 09:54:35.699,30.00
09.08.2021 09:54:36.690,30.00
09.08.2021 09:54:37.677,30.00
09.08.2021 09:54:38.669,30.00
09.08.2021 09:54:39.689,30.00
09.08.2021 09:54:40.680,30.00
09.08.2021 09:54:41.699,30.00
09.08.2021 09:54:42.689,30.00
09.08.2021 09:54:43.679,30.00
09.08.2021 09:54:44.699,30.00
09.08.2021 09:54:45.689,30.00
09.08.2021 09:54:46.683,30.00
09.08.2021 09:54:47.700,30.00
09.08.2021 09:54:48.689,30.00
09.08.2021 09:54:49.680,30.00
09.08.2021 09:54:50.699,30.00
09.08.2021 09:54:51.690,30.00
09.08.2021 09:54:52.676,30.00
09.08.2021 09:54:53.699,30.00
09.08.2021 09:54:54.690,30.00
09.08.2021 09:54:55.678,30.00
09.08.2021 09:54:56.700,30.00
09.08.2021 09:54:57.691,30.00
09.08.2021 09:54:58.679,30.00
09.08.2021 09:54:59.696,30.00
09.08.2021 09:55:00.689,30.00
09.08.2021 09:55:01.679,30.00
09.08.2021 09:55:02.696,30.00
09.08.2021 09:55:03.689,30.00
09.08.2021 09:55:04.679,31.00
09.08.2021 09:55:05.697,31.00
09.08.2021 09:55:06.688,31.00
09.08.2021 09:55:07.677,31.00
09.08.2021 09:55:08.696,31.00
09.08.2021 09:55:09.689,31.00
09.08.2021 09:55:10.676,31.00
09.08.2021 09:55:11.699,31.00
09.08.2021 09:55:12.687,31.00
09.08.2021 09:55:13.677,31.00
09.08.2021 09:55:14.698,31.00
09.08.2021 09:55:15.688,31.00
09.08.2021 09:55:16.677,31.00
09.08.2021 09:55:17.700,31.00
09.08.2021 09:55:18.689,31.00
09.08.2021 09:55:19.683,31.00
09.08.2021 09:55:20.699,31.00
09.08.2021 09:55:21.689,31.00
09.08.2021 09:55:22.678,31.00
09.08.2021 09:55:23.700,31.00
09.08.2021 09:55:24.689,31.00
09.08.2021 09:55:25.681,31.00
09.08.2021 09:55:26.699,31.00
09.08.2021 09:55:27.689,31.00
09.08.2021 09:55:28.680,31.00
09.08.2021 09:55:29.700,31.00
09.08.2021 09:55:30.689,31.00
09.08.2021 09:55:31.680,31.00
09.08.2021 09:55:32.697,31.00
09.08.2021 09:55:33.689,31.00
09.08.2021 09:55:34.800,31.00
09.08.2021 09:55:35.702,31.00
09.08.2021 09:55:36.690,31.00
09.08.2021 09:55:37.680,31.00
09.08.2021 09:55:38.699,31.00
09.08.2021 09:55:39.690,31.00
09.08.2021 09:55:40.680,31.00
09.08.2021 09:55:41.700,31.00
09.08.2021 09:55:42.687,31.00
09.08.2021 09:55:43.680,31.00
09.08.2021 09:55:44.700,31.00
09.08.2021 09:55:45.690,31.00
09.08.2021 09:55:46.680,31.00
09.08.2021 09:55:47.700,31.00
09.08.2021 09:55:48.691,31.00
09.08.2021 09:55:49.680,31.00
09.08.2021 09:55:50.700,31.00
09.08.2021 09:55:51.690,31.00
09.08.2021 09:55:52.678,31.00
09.08.2021 09:55:53.700,31.00
09.08.2021 09:55:54.688,31.00
09.08.2021 09:55:55.681,31.00
09.08.2021 09:55:56.700,31.00
09.08.2021 09:55:57.691,31.00
09.08.2021 09:55:58.681,31.00
09.08.2021 09:55:59.701,31.00
09.08.2021 09:56:00.690,31.00
09.08.2021 09:56:01.681,31.00
09.08.2021 09:56:02.696,31.00
09.08.2021 09:56:03.691,31.00
09.08.2021 09:56:04.681,31.00
09.08.2021 09:56:05.701,31.00
09.08.2021 09:56:06.691,31.00
09.08.2021 09:56:07.681,31.00
09.08.2021 09:56:08.668,31.00
09.08.2021 09:56:09.691,31.00
09.08.2021 09:56:10.682,31.00
09.08.2021 09:56:11.702,31.00
09.08.2021 09:56:12.689,31.00
09.08.2021 09:56:13.681,31.00
09.08.2021 09:56:14.701,31.00
09.08.2021 09:56:15.691,31.00
09.08.2021 09:56:16.682,31.00
09.08.2021 09:56:17.701,31.00
09.08.2021 09:56:18.692,31.00
09.08.2021 09:56:19.682,31.00
09.08.2021 09:56:20.701,31.00
09.08.2021 09:56:21.692,31.00
09.08.2021 09:56:22.678,31.00
09.08.2021 09:56:23.702,31.00
09.08.2021 09:56:24.691,31.00
09.08.2021 09:56:25.681,31.00
09.08.2021 09:56:26.702,31.00
09.08.2021 09:56:26.941,31.00
09.08.2021 09:56:27.692,31.00
09.08.2021 09:56:28.681,31.00
09.08.2021 09:56:29.701,31.00
09.08.2021 09:56:30.691,31.00
09.08.2021 09:56:31.682,31.00
09.08.2021 09:56:32.699,31.00
09.08.2021 09:56:33.692,31.00
09.08.2021 09:56:34.682,31.00
09.08.2021 09:56:35.702,31.00
09.08.2021 09:56:36.812,31.00
09.08.2021 09:56:37.685,31.00
09.08.2021 09:56:38.702,31.00
09.08.2021 09:56:39.693,31.00
09.08.2021 09:56:40.684,31.00
09.08.2021 09:56:41.702,31.00
09.08.2021 09:56:42.693,31.00
09.08.2021 09:56:43.683,31.00
09.08.2021 09:56:44.704,31.00
09.08.2021 09:56:45.693,31.00
09.08.2021 09:56:46.684,31.00
09.08.2021 09:56:47.705,31.00
09.08.2021 09:56:48.692,31.00
09.08.2021 09:56:49.683,31.00
09.08.2021 09:56:50.703,31.00
09.08.2021 09:56:51.693,31.00
09.08.2021 09:56:52.683,31.00
09.08.2021 09:56:53.704,31.00
09.08.2021 09:56:54.694,31.00
09.08.2021 09:56:55.683,31.00
09.08.2021 09:56:56.703,31.00
09.08.2021 09:56:57.694,31.00
09.08.2021 09:56:58.683,31.00
09.08.2021 09:56:59.703,31.00
09.08.2021 09:57:00.694,31.00
09.08.2021 09:57:01.683,31.00
09.08.2021 09:57:02.705,31.00
09.08.2021 09:57:03.695,31.00
09.08.2021 09:57:04.684,31.00
09.08.2021 09:57:05.703,31.00
09.08.2021 09:57:06.692,31.00
09.08.2021 09:57:07.682,31.00
09.08.2021 09:57:08.702,31.00
09.08.2021 09:57:09.693,31.00
09.08.2021 09:57:10.684,31.00
09.08.2021 09:57:11.830,31.00
09.08.2021 09:57:12.693,31.00
09.08.2021 09:57:13.684,31.00
09.08.2021 09:57:14.703,31.00
09.08.2021 09:57:15.693,31.00
09.08.2021 09:57:16.683,31.00
09.08.2021 09:57:17.701,31.00
09.08.2021 09:57:17.942,31.00
09.08.2021 09:57:18.693,31.00
09.08.2021 09:57:19.684,31.00
09.08.2021 09:57:20.673,31.00
09.08.2021 09:57:21.694,31.00
09.08.2021 09:57:22.685,31.00
09.08.2021 09:57:23.673,31.00
09.08.2021 09:57:24.694,31.00
09.08.2021 09:57:25.684,31.00
09.08.2021 09:57:26.673,31.00
09.08.2021 09:57:27.695,31.00
09.08.2021 09:57:28.685,31.00
09.08.2021 09:57:29.673,31.00
09.08.2021 09:57:30.695,31.00
09.08.2021 09:57:31.684,31.00
09.08.2021 09:57:32.674,31.00
09.08.2021 09:57:33.694,31.00
09.08.2021 09:57:34.684,31.00
09.08.2021 09:57:35.704,31.00
09.08.2021 09:57:36.696,31.00
09.08.2021 09:57:37.685,31.00
09.08.2021 09:57:38.703,31.00
09.08.2021 09:57:39.693,31.00
09.08.2021 09:57:40.684,31.00
09.08.2021 09:57:41.703,31.00
09.08.2021 09:57:42.693,31.00
09.08.2021 09:57:43.804,31.00
09.08.2021 09:57:44.704,31.00
09.08.2021 09:57:45.693,31.00
09.08.2021 09:57:46.685,31.00
09.08.2021 09:57:47.704,31.00
09.08.2021 09:57:48.694,31.00
09.08.2021 09:57:49.684,31.00
09.08.2021 09:57:50.704,31.00
09.08.2021 09:57:51.693,31.00
09.08.2021 09:57:52.685,31.00
09.08.2021 09:57:53.704,31.00
09.08.2021 09:57:54.695,31.00
09.08.2021 09:57:55.684,31.00
09.08.2021 09:57:56.704,31.00
09.08.2021 09:57:57.695,31.00
09.08.2021 09:57:58.685,31.00
09.08.2021 09:57:59.704,31.00
09.08.2021 09:58:00.695,31.00
09.08.2021 09:58:01.684,31.00
09.08.2021 09:58:02.707,31.00
09.08.2021 09:58:03.695,31.00
09.08.2021 09:58:04.686,31.00
09.08.2021 09:58:05.705,31.00
09.08.2021 09:58:06.694,31.00
09.08.2021 09:58:07.685,31.00
09.08.2021 09:58:08.705,31.00
09.08.2021 09:58:09.692,31.00
09.08.2021 09:58:10.685,31.00
09.08.2021 09:58:11.705,31.00
09.08.2021 09:58:12.695,31.00
09.08.2021 09:58:13.686,31.00
09.08.2021 09:58:14.705,31.00
09.08.2021 09:58:15.695,31.00
09.08.2021 09:58:16.686,31.00
09.08.2021 09:58:17.705,31.00
09.08.2021 09:58:18.696,31.00
09.08.2021 09:58:19.684,31.00
09.08.2021 09:58:20.705,31.00
09.08.2021 09:58:21.696,31.00
09.08.2021 09:58:22.682,31.00
09.08.2021 09:58:23.705,31.00
09.08.2021 09:58:24.696,31.00
09.08.2021 09:58:25.682,31.00
09.08.2021 09:58:26.705,31.00
09.08.2021 09:58:27.695,31.00
09.08.2021 09:58:28.682,31.00
09.08.2021 09:58:29.705,31.00
09.08.2021 09:58:30.693,31.00
09.08.2021 09:58:31.682,31.00
09.08.2021 09:58:32.705,31.00
09.08.2021 09:58:33.692,31.00
09.08.2021 09:58:34.681,31.00
09.08.2021 09:58:35.701,31.00
09.08.2021 09:58:36.692,31.00
09.08.2021 09:58:37.685,31.00
09.08.2021 09:58:38.703,31.00
09.08.2021 09:58:39.692,31.00
09.08.2021 09:58:40.684,31.00
09.08.2021 09:58:41.702,31.00
09.08.2021 09:58:42.693,31.00
09.08.2021 09:58:43.686,31.00
09.08.2021 09:58:44.702,31.00
09.08.2021 09:58:45.696,31.00
09.08.2021 09:58:46.686,31.00
09.08.2021 09:58:47.702,31.00
09.08.2021 09:58:48.696,31.00
09.08.2021 09:58:49.686,31.00
09.08.2021 09:58:50.704,31.00
09.08.2021 09:58:51.785,31.00
09.08.2021 09:58:52.685,31.00
09.08.2021 09:58:53.706,31.00
09.08.2021 09:58:54.697,31.00
09.08.2021 09:58:55.686,31.00
09.08.2021 09:58:56.706,31.00
09.08.2021 09:58:57.697,31.00
09.08.2021 09:58:58.685,31.00
09.08.2021 09:58:59.706,31.00
09.08.2021 09:59:00.696,31.00
09.08.2021 09:59:01.686,31.00
09.08.2021 09:59:02.706,31.00
09.08.2021 09:59:03.696,31.00
09.08.2021 09:59:04.686,31.00
09.08.2021 09:59:05.707,31.00
09.08.2021 09:59:06.697,31.00
09.08.2021 09:59:07.688,31.00
09.08.2021 09:59:08.706,31.00
09.08.2021 09:59:09.695,31.00
09.08.2021 09:59:10.686,31.00
09.08.2021 09:59:11.796,31.00
09.08.2021 09:59:12.697,31.00
09.08.2021 09:59:13.685,31.00
09.08.2021 09:59:14.708,31.00
09.08.2021 09:59:15.697,31.00
09.08.2021 09:59:16.686,31.00
09.08.2021 09:59:17.707,31.00
09.08.2021 09:59:18.697,31.00
09.08.2021 09:59:19.689,31.00
09.08.2021 09:59:20.706,32.00
09.08.2021 09:59:21.698,32.00
09.08.2021 09:59:22.687,32.00
09.08.2021 09:59:23.706,32.00
09.08.2021 09:59:24.698,32.00
09.08.2021 09:59:25.684,32.00
09.08.2021 09:59:26.708,32.00
09.08.2021 09:59:27.697,32.00
09.08.2021 09:59:28.686,32.00
09.08.2021 09:59:29.707,32.00
09.08.2021 09:59:30.697,32.00
09.08.2021 09:59:31.686,32.00
09.08.2021 09:59:32.708,32.00
09.08.2021 09:59:33.696,32.00
09.08.2021 09:59:34.687,32.00
09.08.2021 09:59:35.708,32.00
09.08.2021 09:59:36.697,32.00
09.08.2021 09:59:37.687,32.00
09.08.2021 09:59:38.707,32.00
09.08.2021 09:59:39.693,32.00
09.08.2021 09:59:40.686,32.00
09.08.2021 09:59:41.706,32.00
09.08.2021 09:59:42.697,32.00
09.08.2021 09:59:43.687,32.00
09.08.2021 09:59:44.703,32.00
09.08.2021 09:59:45.690,32.00
09.08.2021 09:59:46.683,32.00
09.08.2021 09:59:47.706,32.00
09.08.2021 09:59:48.697,32.00
09.08.2021 09:59:49.686,32.00
09.08.2021 09:59:50.706,32.00
09.08.2021 09:59:51.697,32.00
09.08.2021 09:59:52.687,32.00
09.08.2021 09:59:53.704,32.00
09.08.2021 09:59:54.697,32.00
09.08.2021 09:59:55.686,32.00
09.08.2021 09:59:56.706,32.00
09.08.2021 09:59:57.697,32.00
09.08.2021 09:59:58.687,32.00
09.08.2021 09:59:59.706,32.00
09.08.2021 10:00:00.695,32.00
09.08.2021 10:00:01.684,32.00
09.08.2021 10:00:02.706,32.00
09.08.2021 10:00:03.697,32.00
09.08.2021 10:00:04.686,32.00
09.08.2021 10:00:05.707,32.00
09.08.2021 10:00:06.696,32.00
09.08.2021 10:00:07.687,32.00
09.08.2021 10:00:08.707,32.00
09.08.2021 10:00:09.695,32.00
09.08.2021 10:00:10.686,32.00
09.08.2021 10:00:11.707,32.00
09.08.2021 10:00:12.694,32.00
09.08.2021 10:00:13.686,32.00
09.08.2021 10:00:14.709,32.00
09.08.2021 10:00:15.697,32.00
09.08.2021 10:00:16.684,32.00
09.08.2021 10:00:17.707,32.00
09.08.2021 10:00:18.696,32.00
09.08.2021 10:00:19.687,32.00
09.08.2021 10:00:20.707,32.00
09.08.2021 10:00:21.696,32.00
09.08.2021 10:00:22.686,32.00
09.08.2021 10:00:23.704,32.00
09.08.2021 10:00:24.697,32.00
09.08.2021 10:00:25.687,32.00
09.08.2021 10:00:26.707,32.00
09.08.2021 10:00:27.698,32.00
09.08.2021 10:00:28.687,32.00
09.08.2021 10:00:29.708,32.00
09.08.2021 10:00:30.699,32.00
09.08.2021 10:00:31.688,32.00
09.08.2021 10:00:32.708,32.00
09.08.2021 10:00:33.698,32.00
09.08.2021 10:00:34.688,32.00
09.08.2021 10:00:35.708,32.00
09.08.2021 10:00:36.695,32.00
09.08.2021 10:00:37.689,32.00
09.08.2021 10:00:38.709,32.00
09.08.2021 10:00:39.697,32.00
09.08.2021 10:00:40.689,32.00
09.08.2021 10:00:41.710,32.00
09.08.2021 10:00:42.697,32.00
09.08.2021 10:00:43.689,32.00
09.08.2021 10:00:44.709,32.00
09.08.2021 10:00:45.698,32.00
09.08.2021 10:00:46.690,32.00
09.08.2021 10:00:47.709,32.00
09.08.2021 10:00:48.698,32.00
09.08.2021 10:00:49.688,32.00
09.08.2021 10:00:50.681,32.00
09.08.2021 10:00:51.695,32.00
09.08.2021 10:00:52.688,32.00
09.08.2021 10:00:53.709,32.00
09.08.2021 10:00:54.699,32.00
09.08.2021 10:00:55.688,32.00
09.08.2021 10:00:56.709,32.00
09.08.2021 10:00:57.699,32.00
09.08.2021 10:00:58.690,32.00
09.08.2021 10:00:59.709,32.00
09.08.2021 10:01:00.699,32.00
09.08.2021 10:01:01.689,32.00
09.08.2021 10:01:02.709,32.00
09.08.2021 10:01:03.700,32.00
09.08.2021 10:01:04.690,32.00
09.08.2021 10:01:05.715,32.00
09.08.2021 10:01:06.699,32.00
09.08.2021 10:01:07.687,32.00
09.08.2021 10:01:08.672,32.00
09.08.2021 10:01:09.694,32.00
09.08.2021 10:01:10.681,32.00
09.08.2021 10:01:11.703,32.00
09.08.2021 10:01:12.694,32.00
09.08.2021 10:01:12.891,32.00
09.08.2021 10:01:13.746,32.00
09.08.2021 10:01:13.955,32.00
09.08.2021 10:01:14.796,32.00
09.08.2021 10:01:15.010,32.00
09.08.2021 10:01:15.859,32.00
09.08.2021 10:01:17.612,32.00
09.08.2021 10:01:18.693,32.00
09.08.2021 10:01:19.683,32.00
09.08.2021 10:01:20.703,32.00
09.08.2021 10:01:21.689,32.00
09.08.2021 10:01:22.681,32.00
09.08.2021 10:01:23.669,32.00
09.08.2021 10:01:24.689,32.00
09.08.2021 10:01:25.714,32.00
09.08.2021 10:01:26.701,32.00
09.08.2021 10:01:27.690,32.00
09.08.2021 10:01:28.686,32.00
09.08.2021 10:01:29.705,32.00
09.08.2021 10:01:30.692,32.00
09.08.2021 10:01:31.685,32.00
09.08.2021 10:01:32.676,32.00
09.08.2021 10:01:33.692,32.00
09.08.2021 10:01:34.683,32.00
09.08.2021 10:01:35.672,32.00
09.08.2021 10:01:36.692,32.00
09.08.2021 10:01:37.681,32.00
09.08.2021 10:01:38.673,32.00
09.08.2021 10:01:39.692,32.00
09.08.2021 10:01:40.682,32.00
09.08.2021 10:01:41.703,32.00
09.08.2021 10:01:42.844,32.00
09.08.2021 10:01:43.687,32.00
09.08.2021 10:01:43.899,32.00
09.08.2021 10:01:44.794,32.00
09.08.2021 10:01:46.514,32.00
09.08.2021 10:01:46.800,32.00
09.08.2021 10:01:48.293,32.00
09.08.2021 10:01:48.783,32.00
09.08.2021 10:01:49.684,32.00
09.08.2021 10:01:50.676,32.00
09.08.2021 10:01:51.696,32.00
09.08.2021 10:01:52.683,32.00
09.08.2021 10:01:53.703,32.00
09.08.2021 10:01:54.697,32.00
09.08.2021 10:01:55.687,32.00
09.08.2021 10:01:56.676,32.00
09.08.2021 10:01:57.696,32.00
09.08.2021 10:01:58.686,32.00
09.08.2021 10:01:58.955,32.00
09.08.2021 10:01:59.706,32.00
09.08.2021 10:02:00.695,32.00
09.08.2021 10:02:01.687,32.00
09.08.2021 10:02:02.711,32.00
09.08.2021 10:02:02.917,32.00
09.08.2021 10:02:03.697,32.00
09.08.2021 10:02:04.691,32.00
09.08.2021 10:02:05.677,32.00
09.08.2021 10:02:06.694,32.00
09.08.2021 10:02:07.686,32.00
09.08.2021 10:02:07.894,32.00
09.08.2021 10:02:08.676,32.00
09.08.2021 10:02:09.694,32.00
09.08.2021 10:02:10.691,32.00
09.08.2021 10:02:11.805,32.00
09.08.2021 10:02:12.704,32.00
09.08.2021 10:02:17.066,32.00
09.08.2021 10:02:18.716,32.00
09.08.2021 10:02:19.217,32.00
09.08.2021 10:02:20.969,32.00
09.08.2021 10:02:21.861,32.00
09.08.2021 10:02:24.045,32.00
09.08.2021 10:02:26.126,32.00
09.08.2021 10:02:26.545,32.00
09.08.2021 10:02:27.281,32.00
09.08.2021 10:02:28.644,32.00
09.08.2021 10:02:28.991,32.00
09.08.2021 10:02:29.434,32.00
09.08.2021 10:02:29.679,32.00
09.08.2021 10:02:31.094,32.00
09.08.2021 10:02:31.591,32.00
09.08.2021 10:02:32.499,32.00
09.08.2021 10:02:33.007,32.00
09.08.2021 10:02:35.458,32.00
09.08.2021 10:02:35.830,32.00
09.08.2021 10:02:36.698,32.00
09.08.2021 10:02:37.688,32.00
09.08.2021 10:02:38.709,32.00
09.08.2021 10:02:39.701,32.00
09.08.2021 10:02:40.691,32.00
09.08.2021 10:02:41.831,32.00
09.08.2021 10:02:42.703,32.00
09.08.2021 10:02:43.692,32.00
09.08.2021 10:02:44.705,32.00
09.08.2021 10:02:45.699,32.00
09.08.2021 10:02:49.742,32.00
09.08.2021 10:02:50.041,32.00
09.08.2021 10:02:57.004,32.00
09.08.2021 10:03:00.922,32.00
09.08.2021 10:03:01.502,32.00
09.08.2021 10:03:01.861,32.00
09.08.2021 10:03:02.710,32.00
09.08.2021 10:03:03.697,32.00
09.08.2021 10:03:19.725,32.00
09.08.2021 10:03:20.920,32.00
09.08.2021 10:03:21.420,32.00
09.08.2021 10:03:21.664,32.00
09.08.2021 10:03:21.889,32.00
09.08.2021 10:03:22.862,32.00
09.08.2021 10:03:23.612,32.00
09.08.2021 10:03:23.841,32.00
09.08.2021 10:03:24.602,32.00
09.08.2021 10:03:25.624,32.00
09.08.2021 10:03:25.862,32.00
09.08.2021 10:03:26.651,32.00
09.08.2021 10:03:29.761,32.00
09.08.2021 10:03:30.297,32.00
09.08.2021 10:03:30.537,32.00
09.08.2021 10:03:30.870,32.00
09.08.2021 10:03:31.628,32.00
09.08.2021 10:03:32.615,32.00
09.08.2021 10:03:32.843,32.00
09.08.2021 10:05:06.820,32.00
09.08.2021 10:05:09.009,32.00
09.08.2021 10:05:09.253,32.00
09.08.2021 10:05:09.526,32.00
09.08.2021 10:05:14.121,32.00
09.08.2021 10:05:14.337,32.00
09.08.2021 10:05:14.569,32.00
09.08.2021 10:05:15.496,32.00
09.08.2021 10:05:16.523,32.00
09.08.2021 10:05:17.518,32.00
09.08.2021 10:05:23.027,32.00
09.08.2021 10:05:23.513,32.00
09.08.2021 10:05:23.740,32.00
09.08.2021 10:05:24.597,32.00
09.08.2021 10:05:24.817,32.00
09.08.2021 10:05:25.585,32.00
09.08.2021 10:05:25.795,32.00
09.08.2021 10:05:26.604,32.00
09.08.2021 10:05:27.595,32.00
09.08.2021 10:05:27.810,32.00
09.08.2021 10:05:28.588,32.00
09.08.2021 10:05:29.604,32.00
09.08.2021 10:05:29.832,32.00
09.08.2021 10:05:30.591,32.00
09.08.2021 10:05:30.798,32.00
09.08.2021 10:05:31.585,32.00
09.08.2021 10:05:32.635,32.00
09.08.2021 10:05:33.595,32.00
09.08.2021 10:05:34.588,32.00
09.08.2021 10:05:34.798,32.00
09.08.2021 10:05:35.605,32.00
09.08.2021 10:05:35.832,32.00
09.08.2021 10:05:36.595,32.00
09.08.2021 10:05:36.818,32.00
09.08.2021 10:05:37.613,32.00
09.08.2021 10:05:38.605,32.00
09.08.2021 10:05:39.595,32.00
09.08.2021 10:05:40.616,32.00
09.08.2021 10:05:41.549,32.00
09.08.2021 10:05:41.778,32.00
09.08.2021 10:05:42.598,32.00
09.08.2021 10:05:42.828,32.00
09.08.2021 10:05:43.615,32.00
09.08.2021 10:05:43.844,32.00
09.08.2021 10:05:44.609,32.00
09.08.2021 10:05:44.834,32.00
09.08.2021 10:05:45.532,32.00
09.08.2021 10:05:46.578,32.00
09.08.2021 10:05:47.517,32.00
09.08.2021 10:05:48.531,32.00
09.08.2021 10:05:49.575,32.00
09.08.2021 10:05:50.517,32.00
09.08.2021 10:05:51.526,32.00
09.08.2021 10:05:52.528,32.00
09.08.2021 10:05:53.516,32.00
09.08.2021 10:05:54.534,32.00
09.08.2021 10:05:55.521,32.00
09.08.2021 10:05:56.514,32.00
09.08.2021 10:05:57.505,32.00
09.08.2021 10:05:58.528,32.00
09.08.2021 10:05:59.515,32.00
09.08.2021 10:06:00.538,32.00
09.08.2021 10:06:01.528,32.00
09.08.2021 10:06:02.518,32.00
09.08.2021 10:06:03.536,32.00
09.08.2021 10:06:04.527,32.00
09.08.2021 10:06:05.516,32.00
